SlNo,identifier,asset_name,asset_code,location,cost_of_purchase,created_by,created_on,asset_status,asset_domain,community_id,community_name,sub_community_id,sub_community_name,sub_community_location,sub_community_status,sub_community_domain,sub_community_created_by,sub_community_created_on,sub_community_type,asset_type,building_id,building_name,building_status,building_location,building_site_code,building_open_time,building_close_time,building_domain,building_created_by,building_created_on,building_type,spaces_id,spaces_name,spaces_layout,spaces_status,spaces_domain,spaces_type,data_point_id,point_name,point_display_name,point_data_type,remote_data_type,access_type,point_status,point_symbol,point_unit,point_expression,point_precedence,point_type
,da975d1d-e501-407c-a31b-8a42b95a795a,S1 OU BAN,"",POINT(76.316484 10.0028754),null,souban@buildingdemo,1733133364901,ACTIVE,buildingdemo,bdclonecomm,BD Client One Community,aee2c6d6-dc80-4f26-b6d3-d69bdeec72a2,BD Client One Comm Sub Comm,POINT(76.316484 10.0028754),ACTIVE,buildingdemo,support@buildingdemo,1701284137419,SubCommunity,AHU,2293f647-43ec-4a35-aea4-0f5c1513a1c3,BD Client One Community Sub Comm 1 Build 1,ACTIVE,POINT(76.316484 10.0028754),null,null,null,buildingdemo,support@buildingdemo,1701284524239,ResidentialTower,70ac1e66-0ae3-49dc-ab67-9e69781d3505,1stFloorRoom5,null,ACTIVE,buildingdemo,StudyRoom,0b2239e8-c339-4dcd-b51a-bf8cf6961430,AHU Auto Status,da975d1d-e501-407c-a31b-8a42b95a795a-AHU Auto Status,String,"",READONLY,ACTIVE,-,unitless,"","",""
,99985978-3b08-4320-8e04-0996ae7e4e83,B1 P1 MQ TT EQP 01,"",POINT(76.2673 9.9312),null,support@buildingdemo,1664088964497,ACTIVE,buildingdemo,"","",b56c1a0a-cb1d-4f53-84a6-c8cf206a866b,Cyber Park,POINT(76.2673 9.9312),ACTIVE,buildingdemo,support@buildingdemo,1657007363377,SubCommunity,FanCoilUnit,4823ce41-4c79-45d6-bd88-0303aa583a7e,Nectar Front Office,ACTIVE,POINT(76.2673 9.9312),null,null,null,buildingdemo,support@buildingdemo,1702373188364,ResidentialTower,a622244b-e90e-4fb0-8680-b135cced590c,Non communicated twice,null,DELETED,nectarit,Performance,34c51974-7f12-42e3-9818-fbda9c00afb5,Wall Module Setpoint,99985978-3b08-4320-8e04-0996ae7e4e83-Wall Module Setpoint,Double,"",READONLY,ACTIVE,degC,celsius,"","",Double
,99985978-3b08-4320-8e04-0996ae7e4e83,B1 P1 MQ TT EQP 01,"",POINT(76.2673 9.9312),null,support@buildingdemo,1664088964497,ACTIVE,buildingdemo,"","",b56c1a0a-cb1d-4f53-84a6-c8cf206a866b,Cyber Park,POINT(76.2673 9.9312),ACTIVE,buildingdemo,support@buildingdemo,1657007363377,SubCommunity,FanCoilUnit,4823ce41-4c79-45d6-bd88-0303aa583a7e,Nectar Front Office,ACTIVE,POINT(76.2673 9.9312),null,null,null,buildingdemo,support@buildingdemo,1702373188364,ResidentialTower,30a21304-03d2-4e11-a3d9-7978cc1bf16d,Spacename 1,null,ACTIVE,buildingdemo,Floor,34c51974-7f12-42e3-9818-fbda9c00afb5,Wall Module Setpoint,99985978-3b08-4320-8e04-0996ae7e4e83-Wall Module Setpoint,Double,"",READONLY,ACTIVE,degC,celsius,"","",Double
,99985978-3b08-4320-8e04-0996ae7e4e83,B1 P1 MQ TT EQP 01,"",POINT(76.2673 9.9312),null,support@buildingdemo,1664088964497,ACTIVE,buildingdemo,"","",b56c1a0a-cb1d-4f53-84a6-c8cf206a866b,Cyber Park,POINT(76.2673 9.9312),ACTIVE,buildingdemo,support@buildingdemo,1657007363377,SubCommunity,FanCoilUnit,4823ce41-4c79-45d6-bd88-0303aa583a7e,Nectar Front Office,ACTIVE,POINT(76.2673 9.9312),null,null,null,buildingdemo,support@buildingdemo,1702373188364,ResidentialTower,a622244b-e90e-4fb0-8680-b135cced590c,Non communicated twice,null,DELETED,nectarit,Performance,9f21d557-9726-4c57-b1f3-afd4d624f2c5,Valve Status,99985978-3b08-4320-8e04-0996ae7e4e83-Valve Status,String,"",READONLY,ACTIVE,-,unitless,"","",String
,99985978-3b08-4320-8e04-0996ae7e4e83,B1 P1 MQ TT EQP 01,"",POINT(76.2673 9.9312),null,support@buildingdemo,1664088964497,ACTIVE,buildingdemo,"","",b56c1a0a-cb1d-4f53-84a6-c8cf206a866b,Cyber Park,POINT(76.2673 9.9312),ACTIVE,buildingdemo,support@buildingdemo,1657007363377,SubCommunity,FanCoilUnit,4823ce41-4c79-45d6-bd88-0303aa583a7e,Nectar Front Office,ACTIVE,POINT(76.2673 9.9312),null,null,null,buildingdemo,support@buildingdemo,1702373188364,ResidentialTower,30a21304-03d2-4e11-a3d9-7978cc1bf16d,Spacename 1,null,ACTIVE,buildingdemo,Floor,9f21d557-9726-4c57-b1f3-afd4d624f2c5,Valve Status,99985978-3b08-4320-8e04-0996ae7e4e83-Valve Status,String,"",READONLY,ACTIVE,-,unitless,"","",String
,99985978-3b08-4320-8e04-0996ae7e4e83,B1 P1 MQ TT EQP 01,"",POINT(76.2673 9.9312),null,support@buildingdemo,1664088964497,ACTIVE,buildingdemo,"","",b56c1a0a-cb1d-4f53-84a6-c8cf206a866b,Cyber Park,POINT(76.2673 9.9312),ACTIVE,buildingdemo,support@buildingdemo,1657007363377,SubCommunity,FanCoilUnit,4823ce41-4c79-45d6-bd88-0303aa583a7e,Nectar Front Office,ACTIVE,POINT(76.2673 9.9312),null,null,null,buildingdemo,support@buildingdemo,1702373188364,ResidentialTower,a622244b-e90e-4fb0-8680-b135cced590c,Non communicated twice,null,DELETED,nectarit,Performance,a68aa667-e8e6-4459-ae5b-7be135aee4e7,Valve Position,99985978-3b08-4320-8e04-0996ae7e4e83-Valve Position,String,"",READONLY,ACTIVE,-,unitless,"","",String
,99985978-3b08-4320-8e04-0996ae7e4e83,B1 P1 MQ TT EQP 01,"",POINT(76.2673 9.9312),null,support@buildingdemo,1664088964497,ACTIVE,buildingdemo,"","",b56c1a0a-cb1d-4f53-84a6-c8cf206a866b,Cyber Park,POINT(76.2673 9.9312),ACTIVE,buildingdemo,support@buildingdemo,1657007363377,SubCommunity,FanCoilUnit,4823ce41-4c79-45d6-bd88-0303aa583a7e,Nectar Front Office,ACTIVE,POINT(76.2673 9.9312),null,null,null,buildingdemo,support@buildingdemo,1702373188364,ResidentialTower,30a21304-03d2-4e11-a3d9-7978cc1bf16d,Spacename 1,null,ACTIVE,buildingdemo,Floor,a68aa667-e8e6-4459-ae5b-7be135aee4e7,Valve Position,99985978-3b08-4320-8e04-0996ae7e4e83-Valve Position,String,"",READONLY,ACTIVE,-,unitless,"","",String
,99985978-3b08-4320-8e04-0996ae7e4e83,B1 P1 MQ TT EQP 01,"",POINT(76.2673 9.9312),null,support@buildingdemo,1664088964497,ACTIVE,buildingdemo,"","",b56c1a0a-cb1d-4f53-84a6-c8cf206a866b,Cyber Park,POINT(76.2673 9.9312),ACTIVE,buildingdemo,support@buildingdemo,1657007363377,SubCommunity,FanCoilUnit,4823ce41-4c79-45d6-bd88-0303aa583a7e,Nectar Front Office,ACTIVE,POINT(76.2673 9.9312),null,null,null,buildingdemo,support@buildingdemo,1702373188364,ResidentialTower,a622244b-e90e-4fb0-8680-b135cced590c,Non communicated twice,null,DELETED,nectarit,Performance,59281f5d-4588-4443-be51-56a11350b985,Valve Command Enable,99985978-3b08-4320-8e04-0996ae7e4e83-Valve Command Enable,String,"",WRITABLE,ACTIVE,-,unitless,"","",String
,99985978-3b08-4320-8e04-0996ae7e4e83,B1 P1 MQ TT EQP 01,"",POINT(76.2673 9.9312),null,support@buildingdemo,1664088964497,ACTIVE,buildingdemo,"","",b56c1a0a-cb1d-4f53-84a6-c8cf206a866b,Cyber Park,POINT(76.2673 9.9312),ACTIVE,buildingdemo,support@buildingdemo,1657007363377,SubCommunity,FanCoilUnit,4823ce41-4c79-45d6-bd88-0303aa583a7e,Nectar Front Office,ACTIVE,POINT(76.2673 9.9312),null,null,null,buildingdemo,support@buildingdemo,1702373188364,ResidentialTower,30a21304-03d2-4e11-a3d9-7978cc1bf16d,Spacename 1,null,ACTIVE,buildingdemo,Floor,59281f5d-4588-4443-be51-56a11350b985,Valve Command Enable,99985978-3b08-4320-8e04-0996ae7e4e83-Valve Command Enable,String,"",WRITABLE,ACTIVE,-,unitless,"","",String
,99985978-3b08-4320-8e04-0996ae7e4e83,B1 P1 MQ TT EQP 01,"",POINT(76.2673 9.9312),null,support@buildingdemo,1664088964497,ACTIVE,buildingdemo,"","",b56c1a0a-cb1d-4f53-84a6-c8cf206a866b,Cyber Park,POINT(76.2673 9.9312),ACTIVE,buildingdemo,support@buildingdemo,1657007363377,SubCommunity,FanCoilUnit,4823ce41-4c79-45d6-bd88-0303aa583a7e,Nectar Front Office,ACTIVE,POINT(76.2673 9.9312),null,null,null,buildingdemo,support@buildingdemo,1702373188364,ResidentialTower,a622244b-e90e-4fb0-8680-b135cced590c,Non communicated twice,null,DELETED,nectarit,Performance,c8a36b59-c220-4b1c-a158-319c5e37b7d2,Valve Command,99985978-3b08-4320-8e04-0996ae7e4e83-Valve Command,String,Boolean,WRITABLE,DELETED,-,unitless,"","",String
,99985978-3b08-4320-8e04-0996ae7e4e83,B1 P1 MQ TT EQP 01,"",POINT(76.2673 9.9312),null,support@buildingdemo,1664088964497,ACTIVE,buildingdemo,"","",b56c1a0a-cb1d-4f53-84a6-c8cf206a866b,Cyber Park,POINT(76.2673 9.9312),ACTIVE,buildingdemo,support@buildingdemo,1657007363377,SubCommunity,FanCoilUnit,4823ce41-4c79-45d6-bd88-0303aa583a7e,Nectar Front Office,ACTIVE,POINT(76.2673 9.9312),null,null,null,buildingdemo,support@buildingdemo,1702373188364,ResidentialTower,30a21304-03d2-4e11-a3d9-7978cc1bf16d,Spacename 1,null,ACTIVE,buildingdemo,Floor,c8a36b59-c220-4b1c-a158-319c5e37b7d2,Valve Command,99985978-3b08-4320-8e04-0996ae7e4e83-Valve Command,String,Boolean,WRITABLE,DELETED,-,unitless,"","",String
,99985978-3b08-4320-8e04-0996ae7e4e83,B1 P1 MQ TT EQP 01,"",POINT(76.2673 9.9312),null,support@buildingdemo,1664088964497,ACTIVE,buildingdemo,"","",b56c1a0a-cb1d-4f53-84a6-c8cf206a866b,Cyber Park,POINT(76.2673 9.9312),ACTIVE,buildingdemo,support@buildingdemo,1657007363377,SubCommunity,FanCoilUnit,4823ce41-4c79-45d6-bd88-0303aa583a7e,Nectar Front Office,ACTIVE,POINT(76.2673 9.9312),null,null,null,buildingdemo,support@buildingdemo,1702373188364,ResidentialTower,a622244b-e90e-4fb0-8680-b135cced590c,Non communicated twice,null,DELETED,nectarit,Performance,29575033-2796-431a-bc06-fe3f97ffb1ae,Valve Command,99985978-3b08-4320-8e04-0996ae7e4e83-Valve Command,String,Boolean,WRITABLE,ACTIVE,-,unitless,"","",String
,99985978-3b08-4320-8e04-0996ae7e4e83,B1 P1 MQ TT EQP 01,"",POINT(76.2673 9.9312),null,support@buildingdemo,1664088964497,ACTIVE,buildingdemo,"","",b56c1a0a-cb1d-4f53-84a6-c8cf206a866b,Cyber Park,POINT(76.2673 9.9312),ACTIVE,buildingdemo,support@buildingdemo,1657007363377,SubCommunity,FanCoilUnit,4823ce41-4c79-45d6-bd88-0303aa583a7e,Nectar Front Office,ACTIVE,POINT(76.2673 9.9312),null,null,null,buildingdemo,support@buildingdemo,1702373188364,ResidentialTower,30a21304-03d2-4e11-a3d9-7978cc1bf16d,Spacename 1,null,ACTIVE,buildingdemo,Floor,29575033-2796-431a-bc06-fe3f97ffb1ae,Valve Command,99985978-3b08-4320-8e04-0996ae7e4e83-Valve Command,String,Boolean,WRITABLE,ACTIVE,-,unitless,"","",String
,99985978-3b08-4320-8e04-0996ae7e4e83,B1 P1 MQ TT EQP 01,"",POINT(76.2673 9.9312),null,support@buildingdemo,1664088964497,ACTIVE,buildingdemo,"","",b56c1a0a-cb1d-4f53-84a6-c8cf206a866b,Cyber Park,POINT(76.2673 9.9312),ACTIVE,buildingdemo,support@buildingdemo,1657007363377,SubCommunity,FanCoilUnit,4823ce41-4c79-45d6-bd88-0303aa583a7e,Nectar Front Office,ACTIVE,POINT(76.2673 9.9312),null,null,null,buildingdemo,support@buildingdemo,1702373188364,ResidentialTower,a622244b-e90e-4fb0-8680-b135cced590c,Non communicated twice,null,DELETED,nectarit,Performance,e54b68d3-b707-42e9-a90e-d1b35681bd37,Unoccupied Setpoint,99985978-3b08-4320-8e04-0996ae7e4e83-Unoccupied Setpoint,Double,"",WRITABLE,ACTIVE,degC,celsius,"","",Double
,99985978-3b08-4320-8e04-0996ae7e4e83,B1 P1 MQ TT EQP 01,"",POINT(76.2673 9.9312),null,support@buildingdemo,1664088964497,ACTIVE,buildingdemo,"","",b56c1a0a-cb1d-4f53-84a6-c8cf206a866b,Cyber Park,POINT(76.2673 9.9312),ACTIVE,buildingdemo,support@buildingdemo,1657007363377,SubCommunity,FanCoilUnit,4823ce41-4c79-45d6-bd88-0303aa583a7e,Nectar Front Office,ACTIVE,POINT(76.2673 9.9312),null,null,null,buildingdemo,support@buildingdemo,1702373188364,ResidentialTower,30a21304-03d2-4e11-a3d9-7978cc1bf16d,Spacename 1,null,ACTIVE,buildingdemo,Floor,e54b68d3-b707-42e9-a90e-d1b35681bd37,Unoccupied Setpoint,99985978-3b08-4320-8e04-0996ae7e4e83-Unoccupied Setpoint,Double,"",WRITABLE,ACTIVE,degC,celsius,"","",Double
,99985978-3b08-4320-8e04-0996ae7e4e83,B1 P1 MQ TT EQP 01,"",POINT(76.2673 9.9312),null,support@buildingdemo,1664088964497,ACTIVE,buildingdemo,"","",b56c1a0a-cb1d-4f53-84a6-c8cf206a866b,Cyber Park,POINT(76.2673 9.9312),ACTIVE,buildingdemo,support@buildingdemo,1657007363377,SubCommunity,FanCoilUnit,4823ce41-4c79-45d6-bd88-0303aa583a7e,Nectar Front Office,ACTIVE,POINT(76.2673 9.9312),null,null,null,buildingdemo,support@buildingdemo,1702373188364,ResidentialTower,a622244b-e90e-4fb0-8680-b135cced590c,Non communicated twice,null,DELETED,nectarit,Performance,cedd635a-6ffc-4a1a-85af-2b2e356ba353,Unoccupied Fan Mode,99985978-3b08-4320-8e04-0996ae7e4e83-Unoccupied Fan Mode,String,"",WRITABLE,ACTIVE,-,unitless,"","",""
,99985978-3b08-4320-8e04-0996ae7e4e83,B1 P1 MQ TT EQP 01,"",POINT(76.2673 9.9312),null,support@buildingdemo,1664088964497,ACTIVE,buildingdemo,"","",b56c1a0a-cb1d-4f53-84a6-c8cf206a866b,Cyber Park,POINT(76.2673 9.9312),ACTIVE,buildingdemo,support@buildingdemo,1657007363377,SubCommunity,FanCoilUnit,4823ce41-4c79-45d6-bd88-0303aa583a7e,Nectar Front Office,ACTIVE,POINT(76.2673 9.9312),null,null,null,buildingdemo,support@buildingdemo,1702373188364,ResidentialTower,30a21304-03d2-4e11-a3d9-7978cc1bf16d,Spacename 1,null,ACTIVE,buildingdemo,Floor,cedd635a-6ffc-4a1a-85af-2b2e356ba353,Unoccupied Fan Mode,99985978-3b08-4320-8e04-0996ae7e4e83-Unoccupied Fan Mode,String,"",WRITABLE,ACTIVE,-,unitless,"","",""
,99985978-3b08-4320-8e04-0996ae7e4e83,B1 P1 MQ TT EQP 01,"",POINT(76.2673 9.9312),null,support@buildingdemo,1664088964497,ACTIVE,buildingdemo,"","",b56c1a0a-cb1d-4f53-84a6-c8cf206a866b,Cyber Park,POINT(76.2673 9.9312),ACTIVE,buildingdemo,support@buildingdemo,1657007363377,SubCommunity,FanCoilUnit,4823ce41-4c79-45d6-bd88-0303aa583a7e,Nectar Front Office,ACTIVE,POINT(76.2673 9.9312),null,null,null,buildingdemo,support@buildingdemo,1702373188364,ResidentialTower,a622244b-e90e-4fb0-8680-b135cced590c,Non communicated twice,null,DELETED,nectarit,Performance,99ec32fd-55d2-4df3-8ec8-1b1235795475,Unit Auto Status,99985978-3b08-4320-8e04-0996ae7e4e83-Unit Auto Status,String,"",READONLY,ACTIVE,-,unitless,"","",String
,99985978-3b08-4320-8e04-0996ae7e4e83,B1 P1 MQ TT EQP 01,"",POINT(76.2673 9.9312),null,support@buildingdemo,1664088964497,ACTIVE,buildingdemo,"","",b56c1a0a-cb1d-4f53-84a6-c8cf206a866b,Cyber Park,POINT(76.2673 9.9312),ACTIVE,buildingdemo,support@buildingdemo,1657007363377,SubCommunity,FanCoilUnit,4823ce41-4c79-45d6-bd88-0303aa583a7e,Nectar Front Office,ACTIVE,POINT(76.2673 9.9312),null,null,null,buildingdemo,support@buildingdemo,1702373188364,ResidentialTower,30a21304-03d2-4e11-a3d9-7978cc1bf16d,Spacename 1,null,ACTIVE,buildingdemo,Floor,99ec32fd-55d2-4df3-8ec8-1b1235795475,Unit Auto Status,99985978-3b08-4320-8e04-0996ae7e4e83-Unit Auto Status,String,"",READONLY,ACTIVE,-,unitless,"","",String
,99985978-3b08-4320-8e04-0996ae7e4e83,B1 P1 MQ TT EQP 01,"",POINT(76.2673 9.9312),null,support@buildingdemo,1664088964497,ACTIVE,buildingdemo,"","",b56c1a0a-cb1d-4f53-84a6-c8cf206a866b,Cyber Park,POINT(76.2673 9.9312),ACTIVE,buildingdemo,support@buildingdemo,1657007363377,SubCommunity,FanCoilUnit,4823ce41-4c79-45d6-bd88-0303aa583a7e,Nectar Front Office,ACTIVE,POINT(76.2673 9.9312),null,null,null,buildingdemo,support@buildingdemo,1702373188364,ResidentialTower,a622244b-e90e-4fb0-8680-b135cced590c,Non communicated twice,null,DELETED,nectarit,Performance,f3912239-07d7-4adc-b41c-1dff05ec3cb4,Test FCU Boolean Point,99985978-3b08-4320-8e04-0996ae7e4e83-Test FCU Boolean Point,Boolean,"",WRITABLE,DELETED,-,unitless,"","",""
,99985978-3b08-4320-8e04-0996ae7e4e83,B1 P1 MQ TT EQP 01,"",POINT(76.2673 9.9312),null,support@buildingdemo,1664088964497,ACTIVE,buildingdemo,"","",b56c1a0a-cb1d-4f53-84a6-c8cf206a866b,Cyber Park,POINT(76.2673 9.9312),ACTIVE,buildingdemo,support@buildingdemo,1657007363377,SubCommunity,FanCoilUnit,4823ce41-4c79-45d6-bd88-0303aa583a7e,Nectar Front Office,ACTIVE,POINT(76.2673 9.9312),null,null,null,buildingdemo,support@buildingdemo,1702373188364,ResidentialTower,30a21304-03d2-4e11-a3d9-7978cc1bf16d,Spacename 1,null,ACTIVE,buildingdemo,Floor,f3912239-07d7-4adc-b41c-1dff05ec3cb4,Test FCU Boolean Point,99985978-3b08-4320-8e04-0996ae7e4e83-Test FCU Boolean Point,Boolean,"",WRITABLE,DELETED,-,unitless,"","",""
,99985978-3b08-4320-8e04-0996ae7e4e83,B1 P1 MQ TT EQP 01,"",POINT(76.2673 9.9312),null,support@buildingdemo,1664088964497,ACTIVE,buildingdemo,"","",b56c1a0a-cb1d-4f53-84a6-c8cf206a866b,Cyber Park,POINT(76.2673 9.9312),ACTIVE,buildingdemo,support@buildingdemo,1657007363377,SubCommunity,FanCoilUnit,4823ce41-4c79-45d6-bd88-0303aa583a7e,Nectar Front Office,ACTIVE,POINT(76.2673 9.9312),null,null,null,buildingdemo,support@buildingdemo,1702373188364,ResidentialTower,a622244b-e90e-4fb0-8680-b135cced590c,Non communicated twice,null,DELETED,nectarit,Performance,72df5ab9-9c49-4798-98e5-b30c5d10a8b6,Temperature Setpoint,99985978-3b08-4320-8e04-0996ae7e4e83-Temperature Setpoint,Double,"",WRITABLE,ACTIVE,degC,celsius,"","",""
,99985978-3b08-4320-8e04-0996ae7e4e83,B1 P1 MQ TT EQP 01,"",POINT(76.2673 9.9312),null,support@buildingdemo,1664088964497,ACTIVE,buildingdemo,"","",b56c1a0a-cb1d-4f53-84a6-c8cf206a866b,Cyber Park,POINT(76.2673 9.9312),ACTIVE,buildingdemo,support@buildingdemo,1657007363377,SubCommunity,FanCoilUnit,4823ce41-4c79-45d6-bd88-0303aa583a7e,Nectar Front Office,ACTIVE,POINT(76.2673 9.9312),null,null,null,buildingdemo,support@buildingdemo,1702373188364,ResidentialTower,30a21304-03d2-4e11-a3d9-7978cc1bf16d,Spacename 1,null,ACTIVE,buildingdemo,Floor,72df5ab9-9c49-4798-98e5-b30c5d10a8b6,Temperature Setpoint,99985978-3b08-4320-8e04-0996ae7e4e83-Temperature Setpoint,Double,"",WRITABLE,ACTIVE,degC,celsius,"","",""
,99985978-3b08-4320-8e04-0996ae7e4e83,B1 P1 MQ TT EQP 01,"",POINT(76.2673 9.9312),null,support@buildingdemo,1664088964497,ACTIVE,buildingdemo,"","",b56c1a0a-cb1d-4f53-84a6-c8cf206a866b,Cyber Park,POINT(76.2673 9.9312),ACTIVE,buildingdemo,support@buildingdemo,1657007363377,SubCommunity,FanCoilUnit,4823ce41-4c79-45d6-bd88-0303aa583a7e,Nectar Front Office,ACTIVE,POINT(76.2673 9.9312),null,null,null,buildingdemo,support@buildingdemo,1702373188364,ResidentialTower,a622244b-e90e-4fb0-8680-b135cced590c,Non communicated twice,null,DELETED,nectarit,Performance,bb622862-e0c4-48e2-9570-79c093fc06c2,Temperature Setpoint,99985978-3b08-4320-8e04-0996ae7e4e83-Temperature Setpoint,Double,"",WRITABLE,DELETED,degC,celsius,"","",""
,99985978-3b08-4320-8e04-0996ae7e4e83,B1 P1 MQ TT EQP 01,"",POINT(76.2673 9.9312),null,support@buildingdemo,1664088964497,ACTIVE,buildingdemo,"","",b56c1a0a-cb1d-4f53-84a6-c8cf206a866b,Cyber Park,POINT(76.2673 9.9312),ACTIVE,buildingdemo,support@buildingdemo,1657007363377,SubCommunity,FanCoilUnit,4823ce41-4c79-45d6-bd88-0303aa583a7e,Nectar Front Office,ACTIVE,POINT(76.2673 9.9312),null,null,null,buildingdemo,support@buildingdemo,1702373188364,ResidentialTower,30a21304-03d2-4e11-a3d9-7978cc1bf16d,Spacename 1,null,ACTIVE,buildingdemo,Floor,bb622862-e0c4-48e2-9570-79c093fc06c2,Temperature Setpoint,99985978-3b08-4320-8e04-0996ae7e4e83-Temperature Setpoint,Double,"",WRITABLE,DELETED,degC,celsius,"","",""
,99985978-3b08-4320-8e04-0996ae7e4e83,B1 P1 MQ TT EQP 01,"",POINT(76.2673 9.9312),null,support@buildingdemo,1664088964497,ACTIVE,buildingdemo,"","",b56c1a0a-cb1d-4f53-84a6-c8cf206a866b,Cyber Park,POINT(76.2673 9.9312),ACTIVE,buildingdemo,support@buildingdemo,1657007363377,SubCommunity,FanCoilUnit,4823ce41-4c79-45d6-bd88-0303aa583a7e,Nectar Front Office,ACTIVE,POINT(76.2673 9.9312),null,null,null,buildingdemo,support@buildingdemo,1702373188364,ResidentialTower,a622244b-e90e-4fb0-8680-b135cced590c,Non communicated twice,null,DELETED,nectarit,Performance,c5cf48ec-997c-43e7-8977-7d2ac5b4183a,Supply Temperature,99985978-3b08-4320-8e04-0996ae7e4e83-Supply Temperature,Double,"",READONLY,ACTIVE,degC,celsius,"","",""
,99985978-3b08-4320-8e04-0996ae7e4e83,B1 P1 MQ TT EQP 01,"",POINT(76.2673 9.9312),null,support@buildingdemo,1664088964497,ACTIVE,buildingdemo,"","",b56c1a0a-cb1d-4f53-84a6-c8cf206a866b,Cyber Park,POINT(76.2673 9.9312),ACTIVE,buildingdemo,support@buildingdemo,1657007363377,SubCommunity,FanCoilUnit,4823ce41-4c79-45d6-bd88-0303aa583a7e,Nectar Front Office,ACTIVE,POINT(76.2673 9.9312),null,null,null,buildingdemo,support@buildingdemo,1702373188364,ResidentialTower,30a21304-03d2-4e11-a3d9-7978cc1bf16d,Spacename 1,null,ACTIVE,buildingdemo,Floor,c5cf48ec-997c-43e7-8977-7d2ac5b4183a,Supply Temperature,99985978-3b08-4320-8e04-0996ae7e4e83-Supply Temperature,Double,"",READONLY,ACTIVE,degC,celsius,"","",""
,99985978-3b08-4320-8e04-0996ae7e4e83,B1 P1 MQ TT EQP 01,"",POINT(76.2673 9.9312),null,support@buildingdemo,1664088964497,ACTIVE,buildingdemo,"","",b56c1a0a-cb1d-4f53-84a6-c8cf206a866b,Cyber Park,POINT(76.2673 9.9312),ACTIVE,buildingdemo,support@buildingdemo,1657007363377,SubCommunity,FanCoilUnit,4823ce41-4c79-45d6-bd88-0303aa583a7e,Nectar Front Office,ACTIVE,POINT(76.2673 9.9312),null,null,null,buildingdemo,support@buildingdemo,1702373188364,ResidentialTower,a622244b-e90e-4fb0-8680-b135cced590c,Non communicated twice,null,DELETED,nectarit,Performance,063f7a4a-73f2-4a74-bd95-64805607dc3e,Supervisory HVAC Mode,99985978-3b08-4320-8e04-0996ae7e4e83-Supervisory HVAC Mode,String,"",WRITABLE,ACTIVE,-,unitless,"","",String
,99985978-3b08-4320-8e04-0996ae7e4e83,B1 P1 MQ TT EQP 01,"",POINT(76.2673 9.9312),null,support@buildingdemo,1664088964497,ACTIVE,buildingdemo,"","",b56c1a0a-cb1d-4f53-84a6-c8cf206a866b,Cyber Park,POINT(76.2673 9.9312),ACTIVE,buildingdemo,support@buildingdemo,1657007363377,SubCommunity,FanCoilUnit,4823ce41-4c79-45d6-bd88-0303aa583a7e,Nectar Front Office,ACTIVE,POINT(76.2673 9.9312),null,null,null,buildingdemo,support@buildingdemo,1702373188364,ResidentialTower,30a21304-03d2-4e11-a3d9-7978cc1bf16d,Spacename 1,null,ACTIVE,buildingdemo,Floor,063f7a4a-73f2-4a74-bd95-64805607dc3e,Supervisory HVAC Mode,99985978-3b08-4320-8e04-0996ae7e4e83-Supervisory HVAC Mode,String,"",WRITABLE,ACTIVE,-,unitless,"","",String
,99985978-3b08-4320-8e04-0996ae7e4e83,B1 P1 MQ TT EQP 01,"",POINT(76.2673 9.9312),null,support@buildingdemo,1664088964497,ACTIVE,buildingdemo,"","",b56c1a0a-cb1d-4f53-84a6-c8cf206a866b,Cyber Park,POINT(76.2673 9.9312),ACTIVE,buildingdemo,support@buildingdemo,1657007363377,SubCommunity,FanCoilUnit,4823ce41-4c79-45d6-bd88-0303aa583a7e,Nectar Front Office,ACTIVE,POINT(76.2673 9.9312),null,null,null,buildingdemo,support@buildingdemo,1702373188364,ResidentialTower,a622244b-e90e-4fb0-8680-b135cced590c,Non communicated twice,null,DELETED,nectarit,Performance,7c5354b6-a61e-4d14-ae0f-8e8d2df351f1,Supervisory Fan Speed,99985978-3b08-4320-8e04-0996ae7e4e83-Supervisory Fan Speed,String,"",WRITABLE,ACTIVE,-,unitless,"","",String
,99985978-3b08-4320-8e04-0996ae7e4e83,B1 P1 MQ TT EQP 01,"",POINT(76.2673 9.9312),null,support@buildingdemo,1664088964497,ACTIVE,buildingdemo,"","",b56c1a0a-cb1d-4f53-84a6-c8cf206a866b,Cyber Park,POINT(76.2673 9.9312),ACTIVE,buildingdemo,support@buildingdemo,1657007363377,SubCommunity,FanCoilUnit,4823ce41-4c79-45d6-bd88-0303aa583a7e,Nectar Front Office,ACTIVE,POINT(76.2673 9.9312),null,null,null,buildingdemo,support@buildingdemo,1702373188364,ResidentialTower,30a21304-03d2-4e11-a3d9-7978cc1bf16d,Spacename 1,null,ACTIVE,buildingdemo,Floor,7c5354b6-a61e-4d14-ae0f-8e8d2df351f1,Supervisory Fan Speed,99985978-3b08-4320-8e04-0996ae7e4e83-Supervisory Fan Speed,String,"",WRITABLE,ACTIVE,-,unitless,"","",String
,99985978-3b08-4320-8e04-0996ae7e4e83,B1 P1 MQ TT EQP 01,"",POINT(76.2673 9.9312),null,support@buildingdemo,1664088964497,ACTIVE,buildingdemo,"","",b56c1a0a-cb1d-4f53-84a6-c8cf206a866b,Cyber Park,POINT(76.2673 9.9312),ACTIVE,buildingdemo,support@buildingdemo,1657007363377,SubCommunity,FanCoilUnit,4823ce41-4c79-45d6-bd88-0303aa583a7e,Nectar Front Office,ACTIVE,POINT(76.2673 9.9312),null,null,null,buildingdemo,support@buildingdemo,1702373188364,ResidentialTower,a622244b-e90e-4fb0-8680-b135cced590c,Non communicated twice,null,DELETED,nectarit,Performance,d3b2977b-bc9c-4617-96ee-0fabd9a7ab81,Standby Setpoint,99985978-3b08-4320-8e04-0996ae7e4e83-Standby Setpoint,Double,"",WRITABLE,ACTIVE,degC,celsius,"","",Double
,99985978-3b08-4320-8e04-0996ae7e4e83,B1 P1 MQ TT EQP 01,"",POINT(76.2673 9.9312),null,support@buildingdemo,1664088964497,ACTIVE,buildingdemo,"","",b56c1a0a-cb1d-4f53-84a6-c8cf206a866b,Cyber Park,POINT(76.2673 9.9312),ACTIVE,buildingdemo,support@buildingdemo,1657007363377,SubCommunity,FanCoilUnit,4823ce41-4c79-45d6-bd88-0303aa583a7e,Nectar Front Office,ACTIVE,POINT(76.2673 9.9312),null,null,null,buildingdemo,support@buildingdemo,1702373188364,ResidentialTower,30a21304-03d2-4e11-a3d9-7978cc1bf16d,Spacename 1,null,ACTIVE,buildingdemo,Floor,d3b2977b-bc9c-4617-96ee-0fabd9a7ab81,Standby Setpoint,99985978-3b08-4320-8e04-0996ae7e4e83-Standby Setpoint,Double,"",WRITABLE,ACTIVE,degC,celsius,"","",Double
,99985978-3b08-4320-8e04-0996ae7e4e83,B1 P1 MQ TT EQP 01,"",POINT(76.2673 9.9312),null,support@buildingdemo,1664088964497,ACTIVE,buildingdemo,"","",b56c1a0a-cb1d-4f53-84a6-c8cf206a866b,Cyber Park,POINT(76.2673 9.9312),ACTIVE,buildingdemo,support@buildingdemo,1657007363377,SubCommunity,FanCoilUnit,4823ce41-4c79-45d6-bd88-0303aa583a7e,Nectar Front Office,ACTIVE,POINT(76.2673 9.9312),null,null,null,buildingdemo,support@buildingdemo,1702373188364,ResidentialTower,a622244b-e90e-4fb0-8680-b135cced590c,Non communicated twice,null,DELETED,nectarit,Performance,655c6922-78bc-4dba-ab37-d899dd474800,Space Temperature,99985978-3b08-4320-8e04-0996ae7e4e83-Space Temperature,Double,Double,READONLY,ACTIVE,degC,celsius,"",1,""
,99985978-3b08-4320-8e04-0996ae7e4e83,B1 P1 MQ TT EQP 01,"",POINT(76.2673 9.9312),null,support@buildingdemo,1664088964497,ACTIVE,buildingdemo,"","",b56c1a0a-cb1d-4f53-84a6-c8cf206a866b,Cyber Park,POINT(76.2673 9.9312),ACTIVE,buildingdemo,support@buildingdemo,1657007363377,SubCommunity,FanCoilUnit,4823ce41-4c79-45d6-bd88-0303aa583a7e,Nectar Front Office,ACTIVE,POINT(76.2673 9.9312),null,null,null,buildingdemo,support@buildingdemo,1702373188364,ResidentialTower,30a21304-03d2-4e11-a3d9-7978cc1bf16d,Spacename 1,null,ACTIVE,buildingdemo,Floor,655c6922-78bc-4dba-ab37-d899dd474800,Space Temperature,99985978-3b08-4320-8e04-0996ae7e4e83-Space Temperature,Double,Double,READONLY,ACTIVE,degC,celsius,"",1,""
,99985978-3b08-4320-8e04-0996ae7e4e83,B1 P1 MQ TT EQP 01,"",POINT(76.2673 9.9312),null,support@buildingdemo,1664088964497,ACTIVE,buildingdemo,"","",b56c1a0a-cb1d-4f53-84a6-c8cf206a866b,Cyber Park,POINT(76.2673 9.9312),ACTIVE,buildingdemo,support@buildingdemo,1657007363377,SubCommunity,FanCoilUnit,4823ce41-4c79-45d6-bd88-0303aa583a7e,Nectar Front Office,ACTIVE,POINT(76.2673 9.9312),null,null,null,buildingdemo,support@buildingdemo,1702373188364,ResidentialTower,a622244b-e90e-4fb0-8680-b135cced590c,Non communicated twice,null,DELETED,nectarit,Performance,6dfab19f-af45-424e-b2e3-a427d9985c4e,Setpoint Heating Comfort,99985978-3b08-4320-8e04-0996ae7e4e83-Setpoint Heating Comfort,Double,"",WRITABLE,ACTIVE,degC,celsius,"","",Double
,99985978-3b08-4320-8e04-0996ae7e4e83,B1 P1 MQ TT EQP 01,"",POINT(76.2673 9.9312),null,support@buildingdemo,1664088964497,ACTIVE,buildingdemo,"","",b56c1a0a-cb1d-4f53-84a6-c8cf206a866b,Cyber Park,POINT(76.2673 9.9312),ACTIVE,buildingdemo,support@buildingdemo,1657007363377,SubCommunity,FanCoilUnit,4823ce41-4c79-45d6-bd88-0303aa583a7e,Nectar Front Office,ACTIVE,POINT(76.2673 9.9312),null,null,null,buildingdemo,support@buildingdemo,1702373188364,ResidentialTower,30a21304-03d2-4e11-a3d9-7978cc1bf16d,Spacename 1,null,ACTIVE,buildingdemo,Floor,6dfab19f-af45-424e-b2e3-a427d9985c4e,Setpoint Heating Comfort,99985978-3b08-4320-8e04-0996ae7e4e83-Setpoint Heating Comfort,Double,"",WRITABLE,ACTIVE,degC,celsius,"","",Double
,99985978-3b08-4320-8e04-0996ae7e4e83,B1 P1 MQ TT EQP 01,"",POINT(76.2673 9.9312),null,support@buildingdemo,1664088964497,ACTIVE,buildingdemo,"","",b56c1a0a-cb1d-4f53-84a6-c8cf206a866b,Cyber Park,POINT(76.2673 9.9312),ACTIVE,buildingdemo,support@buildingdemo,1657007363377,SubCommunity,FanCoilUnit,4823ce41-4c79-45d6-bd88-0303aa583a7e,Nectar Front Office,ACTIVE,POINT(76.2673 9.9312),null,null,null,buildingdemo,support@buildingdemo,1702373188364,ResidentialTower,a622244b-e90e-4fb0-8680-b135cced590c,Non communicated twice,null,DELETED,nectarit,Performance,c8f89788-2834-49fa-8ed8-5b1010e1ecab,Setpoint Correction,99985978-3b08-4320-8e04-0996ae7e4e83-Setpoint Correction,Double,"",READONLY,ACTIVE,degC,celsius,"","",""
,99985978-3b08-4320-8e04-0996ae7e4e83,B1 P1 MQ TT EQP 01,"",POINT(76.2673 9.9312),null,support@buildingdemo,1664088964497,ACTIVE,buildingdemo,"","",b56c1a0a-cb1d-4f53-84a6-c8cf206a866b,Cyber Park,POINT(76.2673 9.9312),ACTIVE,buildingdemo,support@buildingdemo,1657007363377,SubCommunity,FanCoilUnit,4823ce41-4c79-45d6-bd88-0303aa583a7e,Nectar Front Office,ACTIVE,POINT(76.2673 9.9312),null,null,null,buildingdemo,support@buildingdemo,1702373188364,ResidentialTower,30a21304-03d2-4e11-a3d9-7978cc1bf16d,Spacename 1,null,ACTIVE,buildingdemo,Floor,c8f89788-2834-49fa-8ed8-5b1010e1ecab,Setpoint Correction,99985978-3b08-4320-8e04-0996ae7e4e83-Setpoint Correction,Double,"",READONLY,ACTIVE,degC,celsius,"","",""
,99985978-3b08-4320-8e04-0996ae7e4e83,B1 P1 MQ TT EQP 01,"",POINT(76.2673 9.9312),null,support@buildingdemo,1664088964497,ACTIVE,buildingdemo,"","",b56c1a0a-cb1d-4f53-84a6-c8cf206a866b,Cyber Park,POINT(76.2673 9.9312),ACTIVE,buildingdemo,support@buildingdemo,1657007363377,SubCommunity,FanCoilUnit,4823ce41-4c79-45d6-bd88-0303aa583a7e,Nectar Front Office,ACTIVE,POINT(76.2673 9.9312),null,null,null,buildingdemo,support@buildingdemo,1702373188364,ResidentialTower,a622244b-e90e-4fb0-8680-b135cced590c,Non communicated twice,null,DELETED,nectarit,Performance,96320c74-caa7-4eff-ac29-f063f1d9f0a7,Setpoint Cooling Economy,99985978-3b08-4320-8e04-0996ae7e4e83-Setpoint Cooling Economy,String,"",READONLY,ACTIVE,-,unitless,"",1,""
,99985978-3b08-4320-8e04-0996ae7e4e83,B1 P1 MQ TT EQP 01,"",POINT(76.2673 9.9312),null,support@buildingdemo,1664088964497,ACTIVE,buildingdemo,"","",b56c1a0a-cb1d-4f53-84a6-c8cf206a866b,Cyber Park,POINT(76.2673 9.9312),ACTIVE,buildingdemo,support@buildingdemo,1657007363377,SubCommunity,FanCoilUnit,4823ce41-4c79-45d6-bd88-0303aa583a7e,Nectar Front Office,ACTIVE,POINT(76.2673 9.9312),null,null,null,buildingdemo,support@buildingdemo,1702373188364,ResidentialTower,30a21304-03d2-4e11-a3d9-7978cc1bf16d,Spacename 1,null,ACTIVE,buildingdemo,Floor,96320c74-caa7-4eff-ac29-f063f1d9f0a7,Setpoint Cooling Economy,99985978-3b08-4320-8e04-0996ae7e4e83-Setpoint Cooling Economy,String,"",READONLY,ACTIVE,-,unitless,"",1,""
,99985978-3b08-4320-8e04-0996ae7e4e83,B1 P1 MQ TT EQP 01,"",POINT(76.2673 9.9312),null,support@buildingdemo,1664088964497,ACTIVE,buildingdemo,"","",b56c1a0a-cb1d-4f53-84a6-c8cf206a866b,Cyber Park,POINT(76.2673 9.9312),ACTIVE,buildingdemo,support@buildingdemo,1657007363377,SubCommunity,FanCoilUnit,4823ce41-4c79-45d6-bd88-0303aa583a7e,Nectar Front Office,ACTIVE,POINT(76.2673 9.9312),null,null,null,buildingdemo,support@buildingdemo,1702373188364,ResidentialTower,a622244b-e90e-4fb0-8680-b135cced590c,Non communicated twice,null,DELETED,nectarit,Performance,a6159224-9d9e-4a9a-99ff-3dc9d8996ee1,Setpoint Absolute,99985978-3b08-4320-8e04-0996ae7e4e83-Setpoint Absolute,Double,"",READONLY,ACTIVE,degC,celsius,"","",Double
,99985978-3b08-4320-8e04-0996ae7e4e83,B1 P1 MQ TT EQP 01,"",POINT(76.2673 9.9312),null,support@buildingdemo,1664088964497,ACTIVE,buildingdemo,"","",b56c1a0a-cb1d-4f53-84a6-c8cf206a866b,Cyber Park,POINT(76.2673 9.9312),ACTIVE,buildingdemo,support@buildingdemo,1657007363377,SubCommunity,FanCoilUnit,4823ce41-4c79-45d6-bd88-0303aa583a7e,Nectar Front Office,ACTIVE,POINT(76.2673 9.9312),null,null,null,buildingdemo,support@buildingdemo,1702373188364,ResidentialTower,30a21304-03d2-4e11-a3d9-7978cc1bf16d,Spacename 1,null,ACTIVE,buildingdemo,Floor,a6159224-9d9e-4a9a-99ff-3dc9d8996ee1,Setpoint Absolute,99985978-3b08-4320-8e04-0996ae7e4e83-Setpoint Absolute,Double,"",READONLY,ACTIVE,degC,celsius,"","",Double
,99985978-3b08-4320-8e04-0996ae7e4e83,B1 P1 MQ TT EQP 01,"",POINT(76.2673 9.9312),null,support@buildingdemo,1664088964497,ACTIVE,buildingdemo,"","",b56c1a0a-cb1d-4f53-84a6-c8cf206a866b,Cyber Park,POINT(76.2673 9.9312),ACTIVE,buildingdemo,support@buildingdemo,1657007363377,SubCommunity,FanCoilUnit,4823ce41-4c79-45d6-bd88-0303aa583a7e,Nectar Front Office,ACTIVE,POINT(76.2673 9.9312),null,null,null,buildingdemo,support@buildingdemo,1702373188364,ResidentialTower,a622244b-e90e-4fb0-8680-b135cced590c,Non communicated twice,null,DELETED,nectarit,Performance,7aac7d56-1bb4-4516-ac0a-f9fb8984c951,Set Point Dial,99985978-3b08-4320-8e04-0996ae7e4e83-Set Point Dial,Double,"",READONLY,ACTIVE,degC,celsius,"","",Double
,99985978-3b08-4320-8e04-0996ae7e4e83,B1 P1 MQ TT EQP 01,"",POINT(76.2673 9.9312),null,support@buildingdemo,1664088964497,ACTIVE,buildingdemo,"","",b56c1a0a-cb1d-4f53-84a6-c8cf206a866b,Cyber Park,POINT(76.2673 9.9312),ACTIVE,buildingdemo,support@buildingdemo,1657007363377,SubCommunity,FanCoilUnit,4823ce41-4c79-45d6-bd88-0303aa583a7e,Nectar Front Office,ACTIVE,POINT(76.2673 9.9312),null,null,null,buildingdemo,support@buildingdemo,1702373188364,ResidentialTower,30a21304-03d2-4e11-a3d9-7978cc1bf16d,Spacename 1,null,ACTIVE,buildingdemo,Floor,7aac7d56-1bb4-4516-ac0a-f9fb8984c951,Set Point Dial,99985978-3b08-4320-8e04-0996ae7e4e83-Set Point Dial,Double,"",READONLY,ACTIVE,degC,celsius,"","",Double
,99985978-3b08-4320-8e04-0996ae7e4e83,B1 P1 MQ TT EQP 01,"",POINT(76.2673 9.9312),null,support@buildingdemo,1664088964497,ACTIVE,buildingdemo,"","",b56c1a0a-cb1d-4f53-84a6-c8cf206a866b,Cyber Park,POINT(76.2673 9.9312),ACTIVE,buildingdemo,support@buildingdemo,1657007363377,SubCommunity,FanCoilUnit,4823ce41-4c79-45d6-bd88-0303aa583a7e,Nectar Front Office,ACTIVE,POINT(76.2673 9.9312),null,null,null,buildingdemo,support@buildingdemo,1702373188364,ResidentialTower,a622244b-e90e-4fb0-8680-b135cced590c,Non communicated twice,null,DELETED,nectarit,Performance,f7659086-18a8-41a8-8102-80078a17a70a,Schedule,99985978-3b08-4320-8e04-0996ae7e4e83-Schedule,String,"",WRITABLE,ACTIVE,-,unitless,"","",""
,99985978-3b08-4320-8e04-0996ae7e4e83,B1 P1 MQ TT EQP 01,"",POINT(76.2673 9.9312),null,support@buildingdemo,1664088964497,ACTIVE,buildingdemo,"","",b56c1a0a-cb1d-4f53-84a6-c8cf206a866b,Cyber Park,POINT(76.2673 9.9312),ACTIVE,buildingdemo,support@buildingdemo,1657007363377,SubCommunity,FanCoilUnit,4823ce41-4c79-45d6-bd88-0303aa583a7e,Nectar Front Office,ACTIVE,POINT(76.2673 9.9312),null,null,null,buildingdemo,support@buildingdemo,1702373188364,ResidentialTower,30a21304-03d2-4e11-a3d9-7978cc1bf16d,Spacename 1,null,ACTIVE,buildingdemo,Floor,f7659086-18a8-41a8-8102-80078a17a70a,Schedule,99985978-3b08-4320-8e04-0996ae7e4e83-Schedule,String,"",WRITABLE,ACTIVE,-,unitless,"","",""
,99985978-3b08-4320-8e04-0996ae7e4e83,B1 P1 MQ TT EQP 01,"",POINT(76.2673 9.9312),null,support@buildingdemo,1664088964497,ACTIVE,buildingdemo,"","",b56c1a0a-cb1d-4f53-84a6-c8cf206a866b,Cyber Park,POINT(76.2673 9.9312),ACTIVE,buildingdemo,support@buildingdemo,1657007363377,SubCommunity,FanCoilUnit,4823ce41-4c79-45d6-bd88-0303aa583a7e,Nectar Front Office,ACTIVE,POINT(76.2673 9.9312),null,null,null,buildingdemo,support@buildingdemo,1702373188364,ResidentialTower,a622244b-e90e-4fb0-8680-b135cced590c,Non communicated twice,null,DELETED,nectarit,Performance,7837948f-56c9-49f2-9b42-8f4f30a12334,Run Status,99985978-3b08-4320-8e04-0996ae7e4e83-Run Status,String,"",READONLY,ACTIVE,-,unitless,"","",String
,99985978-3b08-4320-8e04-0996ae7e4e83,B1 P1 MQ TT EQP 01,"",POINT(76.2673 9.9312),null,support@buildingdemo,1664088964497,ACTIVE,buildingdemo,"","",b56c1a0a-cb1d-4f53-84a6-c8cf206a866b,Cyber Park,POINT(76.2673 9.9312),ACTIVE,buildingdemo,support@buildingdemo,1657007363377,SubCommunity,FanCoilUnit,4823ce41-4c79-45d6-bd88-0303aa583a7e,Nectar Front Office,ACTIVE,POINT(76.2673 9.9312),null,null,null,buildingdemo,support@buildingdemo,1702373188364,ResidentialTower,30a21304-03d2-4e11-a3d9-7978cc1bf16d,Spacename 1,null,ACTIVE,buildingdemo,Floor,7837948f-56c9-49f2-9b42-8f4f30a12334,Run Status,99985978-3b08-4320-8e04-0996ae7e4e83-Run Status,String,"",READONLY,ACTIVE,-,unitless,"","",String
,99985978-3b08-4320-8e04-0996ae7e4e83,B1 P1 MQ TT EQP 01,"",POINT(76.2673 9.9312),null,support@buildingdemo,1664088964497,ACTIVE,buildingdemo,"","",b56c1a0a-cb1d-4f53-84a6-c8cf206a866b,Cyber Park,POINT(76.2673 9.9312),ACTIVE,buildingdemo,support@buildingdemo,1657007363377,SubCommunity,FanCoilUnit,4823ce41-4c79-45d6-bd88-0303aa583a7e,Nectar Front Office,ACTIVE,POINT(76.2673 9.9312),null,null,null,buildingdemo,support@buildingdemo,1702373188364,ResidentialTower,a622244b-e90e-4fb0-8680-b135cced590c,Non communicated twice,null,DELETED,nectarit,Performance,3acf04c2-1636-43f3-9c1c-3eaa601c0ddf,Room Temperature Setpoint,99985978-3b08-4320-8e04-0996ae7e4e83-Room Temperature Setpoint,Double,Double,WRITABLE,ACTIVE,degC,celsius,"","",""
,99985978-3b08-4320-8e04-0996ae7e4e83,B1 P1 MQ TT EQP 01,"",POINT(76.2673 9.9312),null,support@buildingdemo,1664088964497,ACTIVE,buildingdemo,"","",b56c1a0a-cb1d-4f53-84a6-c8cf206a866b,Cyber Park,POINT(76.2673 9.9312),ACTIVE,buildingdemo,support@buildingdemo,1657007363377,SubCommunity,FanCoilUnit,4823ce41-4c79-45d6-bd88-0303aa583a7e,Nectar Front Office,ACTIVE,POINT(76.2673 9.9312),null,null,null,buildingdemo,support@buildingdemo,1702373188364,ResidentialTower,30a21304-03d2-4e11-a3d9-7978cc1bf16d,Spacename 1,null,ACTIVE,buildingdemo,Floor,3acf04c2-1636-43f3-9c1c-3eaa601c0ddf,Room Temperature Setpoint,99985978-3b08-4320-8e04-0996ae7e4e83-Room Temperature Setpoint,Double,Double,WRITABLE,ACTIVE,degC,celsius,"","",""
,99985978-3b08-4320-8e04-0996ae7e4e83,B1 P1 MQ TT EQP 01,"",POINT(76.2673 9.9312),null,support@buildingdemo,1664088964497,ACTIVE,buildingdemo,"","",b56c1a0a-cb1d-4f53-84a6-c8cf206a866b,Cyber Park,POINT(76.2673 9.9312),ACTIVE,buildingdemo,support@buildingdemo,1657007363377,SubCommunity,FanCoilUnit,4823ce41-4c79-45d6-bd88-0303aa583a7e,Nectar Front Office,ACTIVE,POINT(76.2673 9.9312),null,null,null,buildingdemo,support@buildingdemo,1702373188364,ResidentialTower,a622244b-e90e-4fb0-8680-b135cced590c,Non communicated twice,null,DELETED,nectarit,Performance,ff23cf51-b544-424b-8763-60efdfdc33d3,Room Temperature Setpoint,99985978-3b08-4320-8e04-0996ae7e4e83-Room Temperature Setpoint,Double,Double,WRITABLE,DELETED,degC,celsius,"","",""
,99985978-3b08-4320-8e04-0996ae7e4e83,B1 P1 MQ TT EQP 01,"",POINT(76.2673 9.9312),null,support@buildingdemo,1664088964497,ACTIVE,buildingdemo,"","",b56c1a0a-cb1d-4f53-84a6-c8cf206a866b,Cyber Park,POINT(76.2673 9.9312),ACTIVE,buildingdemo,support@buildingdemo,1657007363377,SubCommunity,FanCoilUnit,4823ce41-4c79-45d6-bd88-0303aa583a7e,Nectar Front Office,ACTIVE,POINT(76.2673 9.9312),null,null,null,buildingdemo,support@buildingdemo,1702373188364,ResidentialTower,30a21304-03d2-4e11-a3d9-7978cc1bf16d,Spacename 1,null,ACTIVE,buildingdemo,Floor,ff23cf51-b544-424b-8763-60efdfdc33d3,Room Temperature Setpoint,99985978-3b08-4320-8e04-0996ae7e4e83-Room Temperature Setpoint,Double,Double,WRITABLE,DELETED,degC,celsius,"","",""
,99985978-3b08-4320-8e04-0996ae7e4e83,B1 P1 MQ TT EQP 01,"",POINT(76.2673 9.9312),null,support@buildingdemo,1664088964497,ACTIVE,buildingdemo,"","",b56c1a0a-cb1d-4f53-84a6-c8cf206a866b,Cyber Park,POINT(76.2673 9.9312),ACTIVE,buildingdemo,support@buildingdemo,1657007363377,SubCommunity,FanCoilUnit,4823ce41-4c79-45d6-bd88-0303aa583a7e,Nectar Front Office,ACTIVE,POINT(76.2673 9.9312),null,null,null,buildingdemo,support@buildingdemo,1702373188364,ResidentialTower,a622244b-e90e-4fb0-8680-b135cced590c,Non communicated twice,null,DELETED,nectarit,Performance,c17a5938-f0d2-4600-a6d6-fd0d50c2ca3e,Room Temperature,99985978-3b08-4320-8e04-0996ae7e4e83-Room Temperature,Double,"",READONLY,ACTIVE,degC,celsius,"","",""
,99985978-3b08-4320-8e04-0996ae7e4e83,B1 P1 MQ TT EQP 01,"",POINT(76.2673 9.9312),null,support@buildingdemo,1664088964497,ACTIVE,buildingdemo,"","",b56c1a0a-cb1d-4f53-84a6-c8cf206a866b,Cyber Park,POINT(76.2673 9.9312),ACTIVE,buildingdemo,support@buildingdemo,1657007363377,SubCommunity,FanCoilUnit,4823ce41-4c79-45d6-bd88-0303aa583a7e,Nectar Front Office,ACTIVE,POINT(76.2673 9.9312),null,null,null,buildingdemo,support@buildingdemo,1702373188364,ResidentialTower,30a21304-03d2-4e11-a3d9-7978cc1bf16d,Spacename 1,null,ACTIVE,buildingdemo,Floor,c17a5938-f0d2-4600-a6d6-fd0d50c2ca3e,Room Temperature,99985978-3b08-4320-8e04-0996ae7e4e83-Room Temperature,Double,"",READONLY,ACTIVE,degC,celsius,"","",""
,99985978-3b08-4320-8e04-0996ae7e4e83,B1 P1 MQ TT EQP 01,"",POINT(76.2673 9.9312),null,support@buildingdemo,1664088964497,ACTIVE,buildingdemo,"","",b56c1a0a-cb1d-4f53-84a6-c8cf206a866b,Cyber Park,POINT(76.2673 9.9312),ACTIVE,buildingdemo,support@buildingdemo,1657007363377,SubCommunity,FanCoilUnit,4823ce41-4c79-45d6-bd88-0303aa583a7e,Nectar Front Office,ACTIVE,POINT(76.2673 9.9312),null,null,null,buildingdemo,support@buildingdemo,1702373188364,ResidentialTower,a622244b-e90e-4fb0-8680-b135cced590c,Non communicated twice,null,DELETED,nectarit,Performance,72c21cd3-f3aa-4a80-af65-ecc55a9949f7,Room Temperature,99985978-3b08-4320-8e04-0996ae7e4e83-Room Temperature,Double,"",READONLY,DELETED,degC,celsius,"","",""
,99985978-3b08-4320-8e04-0996ae7e4e83,B1 P1 MQ TT EQP 01,"",POINT(76.2673 9.9312),null,support@buildingdemo,1664088964497,ACTIVE,buildingdemo,"","",b56c1a0a-cb1d-4f53-84a6-c8cf206a866b,Cyber Park,POINT(76.2673 9.9312),ACTIVE,buildingdemo,support@buildingdemo,1657007363377,SubCommunity,FanCoilUnit,4823ce41-4c79-45d6-bd88-0303aa583a7e,Nectar Front Office,ACTIVE,POINT(76.2673 9.9312),null,null,null,buildingdemo,support@buildingdemo,1702373188364,ResidentialTower,30a21304-03d2-4e11-a3d9-7978cc1bf16d,Spacename 1,null,ACTIVE,buildingdemo,Floor,72c21cd3-f3aa-4a80-af65-ecc55a9949f7,Room Temperature,99985978-3b08-4320-8e04-0996ae7e4e83-Room Temperature,Double,"",READONLY,DELETED,degC,celsius,"","",""
,99985978-3b08-4320-8e04-0996ae7e4e83,B1 P1 MQ TT EQP 01,"",POINT(76.2673 9.9312),null,support@buildingdemo,1664088964497,ACTIVE,buildingdemo,"","",b56c1a0a-cb1d-4f53-84a6-c8cf206a866b,Cyber Park,POINT(76.2673 9.9312),ACTIVE,buildingdemo,support@buildingdemo,1657007363377,SubCommunity,FanCoilUnit,4823ce41-4c79-45d6-bd88-0303aa583a7e,Nectar Front Office,ACTIVE,POINT(76.2673 9.9312),null,null,null,buildingdemo,support@buildingdemo,1702373188364,ResidentialTower,a622244b-e90e-4fb0-8680-b135cced590c,Non communicated twice,null,DELETED,nectarit,Performance,9e723e6a-4b96-4c0f-a4cf-a2327a24f72d,Return Temperature Setpoint,99985978-3b08-4320-8e04-0996ae7e4e83-Return Temperature Setpoint,Double,"",WRITABLE,DELETED,degC,celsius,"","",Double
,99985978-3b08-4320-8e04-0996ae7e4e83,B1 P1 MQ TT EQP 01,"",POINT(76.2673 9.9312),null,support@buildingdemo,1664088964497,ACTIVE,buildingdemo,"","",b56c1a0a-cb1d-4f53-84a6-c8cf206a866b,Cyber Park,POINT(76.2673 9.9312),ACTIVE,buildingdemo,support@buildingdemo,1657007363377,SubCommunity,FanCoilUnit,4823ce41-4c79-45d6-bd88-0303aa583a7e,Nectar Front Office,ACTIVE,POINT(76.2673 9.9312),null,null,null,buildingdemo,support@buildingdemo,1702373188364,ResidentialTower,30a21304-03d2-4e11-a3d9-7978cc1bf16d,Spacename 1,null,ACTIVE,buildingdemo,Floor,9e723e6a-4b96-4c0f-a4cf-a2327a24f72d,Return Temperature Setpoint,99985978-3b08-4320-8e04-0996ae7e4e83-Return Temperature Setpoint,Double,"",WRITABLE,DELETED,degC,celsius,"","",Double
,99985978-3b08-4320-8e04-0996ae7e4e83,B1 P1 MQ TT EQP 01,"",POINT(76.2673 9.9312),null,support@buildingdemo,1664088964497,ACTIVE,buildingdemo,"","",b56c1a0a-cb1d-4f53-84a6-c8cf206a866b,Cyber Park,POINT(76.2673 9.9312),ACTIVE,buildingdemo,support@buildingdemo,1657007363377,SubCommunity,FanCoilUnit,4823ce41-4c79-45d6-bd88-0303aa583a7e,Nectar Front Office,ACTIVE,POINT(76.2673 9.9312),null,null,null,buildingdemo,support@buildingdemo,1702373188364,ResidentialTower,a622244b-e90e-4fb0-8680-b135cced590c,Non communicated twice,null,DELETED,nectarit,Performance,b37b759b-6927-45f1-8f1b-ac1fe090fc95,Return Temperature Setpoint,99985978-3b08-4320-8e04-0996ae7e4e83-Return Temperature Setpoint,Double,"",WRITABLE,ACTIVE,degC,celsius,"","",Double
,99985978-3b08-4320-8e04-0996ae7e4e83,B1 P1 MQ TT EQP 01,"",POINT(76.2673 9.9312),null,support@buildingdemo,1664088964497,ACTIVE,buildingdemo,"","",b56c1a0a-cb1d-4f53-84a6-c8cf206a866b,Cyber Park,POINT(76.2673 9.9312),ACTIVE,buildingdemo,support@buildingdemo,1657007363377,SubCommunity,FanCoilUnit,4823ce41-4c79-45d6-bd88-0303aa583a7e,Nectar Front Office,ACTIVE,POINT(76.2673 9.9312),null,null,null,buildingdemo,support@buildingdemo,1702373188364,ResidentialTower,30a21304-03d2-4e11-a3d9-7978cc1bf16d,Spacename 1,null,ACTIVE,buildingdemo,Floor,b37b759b-6927-45f1-8f1b-ac1fe090fc95,Return Temperature Setpoint,99985978-3b08-4320-8e04-0996ae7e4e83-Return Temperature Setpoint,Double,"",WRITABLE,ACTIVE,degC,celsius,"","",Double
,99985978-3b08-4320-8e04-0996ae7e4e83,B1 P1 MQ TT EQP 01,"",POINT(76.2673 9.9312),null,support@buildingdemo,1664088964497,ACTIVE,buildingdemo,"","",b56c1a0a-cb1d-4f53-84a6-c8cf206a866b,Cyber Park,POINT(76.2673 9.9312),ACTIVE,buildingdemo,support@buildingdemo,1657007363377,SubCommunity,FanCoilUnit,4823ce41-4c79-45d6-bd88-0303aa583a7e,Nectar Front Office,ACTIVE,POINT(76.2673 9.9312),null,null,null,buildingdemo,support@buildingdemo,1702373188364,ResidentialTower,a622244b-e90e-4fb0-8680-b135cced590c,Non communicated twice,null,DELETED,nectarit,Performance,07015abe-0323-4f87-90c3-d74273d466f7,Return Temperature,99985978-3b08-4320-8e04-0996ae7e4e83-Return Temperature,Double,"",READONLY,DELETED,degC,celsius,"","",Double
,99985978-3b08-4320-8e04-0996ae7e4e83,B1 P1 MQ TT EQP 01,"",POINT(76.2673 9.9312),null,support@buildingdemo,1664088964497,ACTIVE,buildingdemo,"","",b56c1a0a-cb1d-4f53-84a6-c8cf206a866b,Cyber Park,POINT(76.2673 9.9312),ACTIVE,buildingdemo,support@buildingdemo,1657007363377,SubCommunity,FanCoilUnit,4823ce41-4c79-45d6-bd88-0303aa583a7e,Nectar Front Office,ACTIVE,POINT(76.2673 9.9312),null,null,null,buildingdemo,support@buildingdemo,1702373188364,ResidentialTower,30a21304-03d2-4e11-a3d9-7978cc1bf16d,Spacename 1,null,ACTIVE,buildingdemo,Floor,07015abe-0323-4f87-90c3-d74273d466f7,Return Temperature,99985978-3b08-4320-8e04-0996ae7e4e83-Return Temperature,Double,"",READONLY,DELETED,degC,celsius,"","",Double
,99985978-3b08-4320-8e04-0996ae7e4e83,B1 P1 MQ TT EQP 01,"",POINT(76.2673 9.9312),null,support@buildingdemo,1664088964497,ACTIVE,buildingdemo,"","",b56c1a0a-cb1d-4f53-84a6-c8cf206a866b,Cyber Park,POINT(76.2673 9.9312),ACTIVE,buildingdemo,support@buildingdemo,1657007363377,SubCommunity,FanCoilUnit,4823ce41-4c79-45d6-bd88-0303aa583a7e,Nectar Front Office,ACTIVE,POINT(76.2673 9.9312),null,null,null,buildingdemo,support@buildingdemo,1702373188364,ResidentialTower,a622244b-e90e-4fb0-8680-b135cced590c,Non communicated twice,null,DELETED,nectarit,Performance,9edac40d-10f8-4dc5-b3d8-86e1eeb6b3d6,Return Temperature,99985978-3b08-4320-8e04-0996ae7e4e83-Return Temperature,Double,"",READONLY,ACTIVE,degC,celsius,"","",Double
,99985978-3b08-4320-8e04-0996ae7e4e83,B1 P1 MQ TT EQP 01,"",POINT(76.2673 9.9312),null,support@buildingdemo,1664088964497,ACTIVE,buildingdemo,"","",b56c1a0a-cb1d-4f53-84a6-c8cf206a866b,Cyber Park,POINT(76.2673 9.9312),ACTIVE,buildingdemo,support@buildingdemo,1657007363377,SubCommunity,FanCoilUnit,4823ce41-4c79-45d6-bd88-0303aa583a7e,Nectar Front Office,ACTIVE,POINT(76.2673 9.9312),null,null,null,buildingdemo,support@buildingdemo,1702373188364,ResidentialTower,30a21304-03d2-4e11-a3d9-7978cc1bf16d,Spacename 1,null,ACTIVE,buildingdemo,Floor,9edac40d-10f8-4dc5-b3d8-86e1eeb6b3d6,Return Temperature,99985978-3b08-4320-8e04-0996ae7e4e83-Return Temperature,Double,"",READONLY,ACTIVE,degC,celsius,"","",Double
,99985978-3b08-4320-8e04-0996ae7e4e83,B1 P1 MQ TT EQP 01,"",POINT(76.2673 9.9312),null,support@buildingdemo,1664088964497,ACTIVE,buildingdemo,"","",b56c1a0a-cb1d-4f53-84a6-c8cf206a866b,Cyber Park,POINT(76.2673 9.9312),ACTIVE,buildingdemo,support@buildingdemo,1657007363377,SubCommunity,FanCoilUnit,4823ce41-4c79-45d6-bd88-0303aa583a7e,Nectar Front Office,ACTIVE,POINT(76.2673 9.9312),null,null,null,buildingdemo,support@buildingdemo,1702373188364,ResidentialTower,a622244b-e90e-4fb0-8680-b135cced590c,Non communicated twice,null,DELETED,nectarit,Performance,4d95de9e-6c2c-4bb2-b7f1-206657f329fc,Present Setpoint Offset,99985978-3b08-4320-8e04-0996ae7e4e83-Present Setpoint Offset,Double,"",READONLY,ACTIVE,degC,celsius,"","",Double
,99985978-3b08-4320-8e04-0996ae7e4e83,B1 P1 MQ TT EQP 01,"",POINT(76.2673 9.9312),null,support@buildingdemo,1664088964497,ACTIVE,buildingdemo,"","",b56c1a0a-cb1d-4f53-84a6-c8cf206a866b,Cyber Park,POINT(76.2673 9.9312),ACTIVE,buildingdemo,support@buildingdemo,1657007363377,SubCommunity,FanCoilUnit,4823ce41-4c79-45d6-bd88-0303aa583a7e,Nectar Front Office,ACTIVE,POINT(76.2673 9.9312),null,null,null,buildingdemo,support@buildingdemo,1702373188364,ResidentialTower,30a21304-03d2-4e11-a3d9-7978cc1bf16d,Spacename 1,null,ACTIVE,buildingdemo,Floor,4d95de9e-6c2c-4bb2-b7f1-206657f329fc,Present Setpoint Offset,99985978-3b08-4320-8e04-0996ae7e4e83-Present Setpoint Offset,Double,"",READONLY,ACTIVE,degC,celsius,"","",Double
,99985978-3b08-4320-8e04-0996ae7e4e83,B1 P1 MQ TT EQP 01,"",POINT(76.2673 9.9312),null,support@buildingdemo,1664088964497,ACTIVE,buildingdemo,"","",b56c1a0a-cb1d-4f53-84a6-c8cf206a866b,Cyber Park,POINT(76.2673 9.9312),ACTIVE,buildingdemo,support@buildingdemo,1657007363377,SubCommunity,FanCoilUnit,4823ce41-4c79-45d6-bd88-0303aa583a7e,Nectar Front Office,ACTIVE,POINT(76.2673 9.9312),null,null,null,buildingdemo,support@buildingdemo,1702373188364,ResidentialTower,a622244b-e90e-4fb0-8680-b135cced590c,Non communicated twice,null,DELETED,nectarit,Performance,50d9c72f-11d3-4f1e-911e-bad0b9af3aef,Present Setpoint Cooling Comfort,99985978-3b08-4320-8e04-0996ae7e4e83-Present Setpoint Cooling Comfort,Double,"",READONLY,ACTIVE,degC,celsius,"","",Double
,99985978-3b08-4320-8e04-0996ae7e4e83,B1 P1 MQ TT EQP 01,"",POINT(76.2673 9.9312),null,support@buildingdemo,1664088964497,ACTIVE,buildingdemo,"","",b56c1a0a-cb1d-4f53-84a6-c8cf206a866b,Cyber Park,POINT(76.2673 9.9312),ACTIVE,buildingdemo,support@buildingdemo,1657007363377,SubCommunity,FanCoilUnit,4823ce41-4c79-45d6-bd88-0303aa583a7e,Nectar Front Office,ACTIVE,POINT(76.2673 9.9312),null,null,null,buildingdemo,support@buildingdemo,1702373188364,ResidentialTower,30a21304-03d2-4e11-a3d9-7978cc1bf16d,Spacename 1,null,ACTIVE,buildingdemo,Floor,50d9c72f-11d3-4f1e-911e-bad0b9af3aef,Present Setpoint Cooling Comfort,99985978-3b08-4320-8e04-0996ae7e4e83-Present Setpoint Cooling Comfort,Double,"",READONLY,ACTIVE,degC,celsius,"","",Double
,99985978-3b08-4320-8e04-0996ae7e4e83,B1 P1 MQ TT EQP 01,"",POINT(76.2673 9.9312),null,support@buildingdemo,1664088964497,ACTIVE,buildingdemo,"","",b56c1a0a-cb1d-4f53-84a6-c8cf206a866b,Cyber Park,POINT(76.2673 9.9312),ACTIVE,buildingdemo,support@buildingdemo,1657007363377,SubCommunity,FanCoilUnit,4823ce41-4c79-45d6-bd88-0303aa583a7e,Nectar Front Office,ACTIVE,POINT(76.2673 9.9312),null,null,null,buildingdemo,support@buildingdemo,1702373188364,ResidentialTower,a622244b-e90e-4fb0-8680-b135cced590c,Non communicated twice,null,DELETED,nectarit,Performance,3ed2560d-0ebd-4b6a-b8ac-ba51077d6d5d,Present Operating Mode,99985978-3b08-4320-8e04-0996ae7e4e83-Present Operating Mode,String,"",READONLY,ACTIVE,-,unitless,"",1,String
,99985978-3b08-4320-8e04-0996ae7e4e83,B1 P1 MQ TT EQP 01,"",POINT(76.2673 9.9312),null,support@buildingdemo,1664088964497,ACTIVE,buildingdemo,"","",b56c1a0a-cb1d-4f53-84a6-c8cf206a866b,Cyber Park,POINT(76.2673 9.9312),ACTIVE,buildingdemo,support@buildingdemo,1657007363377,SubCommunity,FanCoilUnit,4823ce41-4c79-45d6-bd88-0303aa583a7e,Nectar Front Office,ACTIVE,POINT(76.2673 9.9312),null,null,null,buildingdemo,support@buildingdemo,1702373188364,ResidentialTower,30a21304-03d2-4e11-a3d9-7978cc1bf16d,Spacename 1,null,ACTIVE,buildingdemo,Floor,3ed2560d-0ebd-4b6a-b8ac-ba51077d6d5d,Present Operating Mode,99985978-3b08-4320-8e04-0996ae7e4e83-Present Operating Mode,String,"",READONLY,ACTIVE,-,unitless,"",1,String
,99985978-3b08-4320-8e04-0996ae7e4e83,B1 P1 MQ TT EQP 01,"",POINT(76.2673 9.9312),null,support@buildingdemo,1664088964497,ACTIVE,buildingdemo,"","",b56c1a0a-cb1d-4f53-84a6-c8cf206a866b,Cyber Park,POINT(76.2673 9.9312),ACTIVE,buildingdemo,support@buildingdemo,1657007363377,SubCommunity,FanCoilUnit,4823ce41-4c79-45d6-bd88-0303aa583a7e,Nectar Front Office,ACTIVE,POINT(76.2673 9.9312),null,null,null,buildingdemo,support@buildingdemo,1702373188364,ResidentialTower,a622244b-e90e-4fb0-8680-b135cced590c,Non communicated twice,null,DELETED,nectarit,Performance,3e4b83c8-1ee2-4902-8379-6556389f23eb,Present Occupancy,99985978-3b08-4320-8e04-0996ae7e4e83-Present Occupancy,String,"",READONLY,ACTIVE,-,unitless,"","",String
,99985978-3b08-4320-8e04-0996ae7e4e83,B1 P1 MQ TT EQP 01,"",POINT(76.2673 9.9312),null,support@buildingdemo,1664088964497,ACTIVE,buildingdemo,"","",b56c1a0a-cb1d-4f53-84a6-c8cf206a866b,Cyber Park,POINT(76.2673 9.9312),ACTIVE,buildingdemo,support@buildingdemo,1657007363377,SubCommunity,FanCoilUnit,4823ce41-4c79-45d6-bd88-0303aa583a7e,Nectar Front Office,ACTIVE,POINT(76.2673 9.9312),null,null,null,buildingdemo,support@buildingdemo,1702373188364,ResidentialTower,30a21304-03d2-4e11-a3d9-7978cc1bf16d,Spacename 1,null,ACTIVE,buildingdemo,Floor,3e4b83c8-1ee2-4902-8379-6556389f23eb,Present Occupancy,99985978-3b08-4320-8e04-0996ae7e4e83-Present Occupancy,String,"",READONLY,ACTIVE,-,unitless,"","",String
,99985978-3b08-4320-8e04-0996ae7e4e83,B1 P1 MQ TT EQP 01,"",POINT(76.2673 9.9312),null,support@buildingdemo,1664088964497,ACTIVE,buildingdemo,"","",b56c1a0a-cb1d-4f53-84a6-c8cf206a866b,Cyber Park,POINT(76.2673 9.9312),ACTIVE,buildingdemo,support@buildingdemo,1657007363377,SubCommunity,FanCoilUnit,4823ce41-4c79-45d6-bd88-0303aa583a7e,Nectar Front Office,ACTIVE,POINT(76.2673 9.9312),null,null,null,buildingdemo,support@buildingdemo,1702373188364,ResidentialTower,a622244b-e90e-4fb0-8680-b135cced590c,Non communicated twice,null,DELETED,nectarit,Performance,0ad64fe0-c59d-4fb3-b388-99d8d671c93d,Present Application Mode,99985978-3b08-4320-8e04-0996ae7e4e83-Present Application Mode,String,"",READONLY,ACTIVE,-,unitless,"","",String
,99985978-3b08-4320-8e04-0996ae7e4e83,B1 P1 MQ TT EQP 01,"",POINT(76.2673 9.9312),null,support@buildingdemo,1664088964497,ACTIVE,buildingdemo,"","",b56c1a0a-cb1d-4f53-84a6-c8cf206a866b,Cyber Park,POINT(76.2673 9.9312),ACTIVE,buildingdemo,support@buildingdemo,1657007363377,SubCommunity,FanCoilUnit,4823ce41-4c79-45d6-bd88-0303aa583a7e,Nectar Front Office,ACTIVE,POINT(76.2673 9.9312),null,null,null,buildingdemo,support@buildingdemo,1702373188364,ResidentialTower,30a21304-03d2-4e11-a3d9-7978cc1bf16d,Spacename 1,null,ACTIVE,buildingdemo,Floor,0ad64fe0-c59d-4fb3-b388-99d8d671c93d,Present Application Mode,99985978-3b08-4320-8e04-0996ae7e4e83-Present Application Mode,String,"",READONLY,ACTIVE,-,unitless,"","",String
,99985978-3b08-4320-8e04-0996ae7e4e83,B1 P1 MQ TT EQP 01,"",POINT(76.2673 9.9312),null,support@buildingdemo,1664088964497,ACTIVE,buildingdemo,"","",b56c1a0a-cb1d-4f53-84a6-c8cf206a866b,Cyber Park,POINT(76.2673 9.9312),ACTIVE,buildingdemo,support@buildingdemo,1657007363377,SubCommunity,FanCoilUnit,4823ce41-4c79-45d6-bd88-0303aa583a7e,Nectar Front Office,ACTIVE,POINT(76.2673 9.9312),null,null,null,buildingdemo,support@buildingdemo,1702373188364,ResidentialTower,a622244b-e90e-4fb0-8680-b135cced590c,Non communicated twice,null,DELETED,nectarit,Performance,1f8fa723-2b1c-4036-aeb0-61fd662312bd,PreComfort Mode Setpoint,99985978-3b08-4320-8e04-0996ae7e4e83-PreComfort Mode Setpoint,Double,"",WRITABLE,ACTIVE,degC,celsius,"","",Double
,99985978-3b08-4320-8e04-0996ae7e4e83,B1 P1 MQ TT EQP 01,"",POINT(76.2673 9.9312),null,support@buildingdemo,1664088964497,ACTIVE,buildingdemo,"","",b56c1a0a-cb1d-4f53-84a6-c8cf206a866b,Cyber Park,POINT(76.2673 9.9312),ACTIVE,buildingdemo,support@buildingdemo,1657007363377,SubCommunity,FanCoilUnit,4823ce41-4c79-45d6-bd88-0303aa583a7e,Nectar Front Office,ACTIVE,POINT(76.2673 9.9312),null,null,null,buildingdemo,support@buildingdemo,1702373188364,ResidentialTower,30a21304-03d2-4e11-a3d9-7978cc1bf16d,Spacename 1,null,ACTIVE,buildingdemo,Floor,1f8fa723-2b1c-4036-aeb0-61fd662312bd,PreComfort Mode Setpoint,99985978-3b08-4320-8e04-0996ae7e4e83-PreComfort Mode Setpoint,Double,"",WRITABLE,ACTIVE,degC,celsius,"","",Double
,99985978-3b08-4320-8e04-0996ae7e4e83,B1 P1 MQ TT EQP 01,"",POINT(76.2673 9.9312),null,support@buildingdemo,1664088964497,ACTIVE,buildingdemo,"","",b56c1a0a-cb1d-4f53-84a6-c8cf206a866b,Cyber Park,POINT(76.2673 9.9312),ACTIVE,buildingdemo,support@buildingdemo,1657007363377,SubCommunity,FanCoilUnit,4823ce41-4c79-45d6-bd88-0303aa583a7e,Nectar Front Office,ACTIVE,POINT(76.2673 9.9312),null,null,null,buildingdemo,support@buildingdemo,1702373188364,ResidentialTower,a622244b-e90e-4fb0-8680-b135cced590c,Non communicated twice,null,DELETED,nectarit,Performance,81d588c2-10c2-47dc-b441-cd81781134c1,Operation Mode,99985978-3b08-4320-8e04-0996ae7e4e83-Operation Mode,String,"",READONLY,ACTIVE,-,unitless,"","",""
,99985978-3b08-4320-8e04-0996ae7e4e83,B1 P1 MQ TT EQP 01,"",POINT(76.2673 9.9312),null,support@buildingdemo,1664088964497,ACTIVE,buildingdemo,"","",b56c1a0a-cb1d-4f53-84a6-c8cf206a866b,Cyber Park,POINT(76.2673 9.9312),ACTIVE,buildingdemo,support@buildingdemo,1657007363377,SubCommunity,FanCoilUnit,4823ce41-4c79-45d6-bd88-0303aa583a7e,Nectar Front Office,ACTIVE,POINT(76.2673 9.9312),null,null,null,buildingdemo,support@buildingdemo,1702373188364,ResidentialTower,30a21304-03d2-4e11-a3d9-7978cc1bf16d,Spacename 1,null,ACTIVE,buildingdemo,Floor,81d588c2-10c2-47dc-b441-cd81781134c1,Operation Mode,99985978-3b08-4320-8e04-0996ae7e4e83-Operation Mode,String,"",READONLY,ACTIVE,-,unitless,"","",""
,99985978-3b08-4320-8e04-0996ae7e4e83,B1 P1 MQ TT EQP 01,"",POINT(76.2673 9.9312),null,support@buildingdemo,1664088964497,ACTIVE,buildingdemo,"","",b56c1a0a-cb1d-4f53-84a6-c8cf206a866b,Cyber Park,POINT(76.2673 9.9312),ACTIVE,buildingdemo,support@buildingdemo,1657007363377,SubCommunity,FanCoilUnit,4823ce41-4c79-45d6-bd88-0303aa583a7e,Nectar Front Office,ACTIVE,POINT(76.2673 9.9312),null,null,null,buildingdemo,support@buildingdemo,1702373188364,ResidentialTower,a622244b-e90e-4fb0-8680-b135cced590c,Non communicated twice,null,DELETED,nectarit,Performance,164bd8d6-287a-4d81-95a4-b553bd68a787,Operating Mode,99985978-3b08-4320-8e04-0996ae7e4e83-Operating Mode,String,"",WRITABLE,ACTIVE,-,unitless,"","",""
,99985978-3b08-4320-8e04-0996ae7e4e83,B1 P1 MQ TT EQP 01,"",POINT(76.2673 9.9312),null,support@buildingdemo,1664088964497,ACTIVE,buildingdemo,"","",b56c1a0a-cb1d-4f53-84a6-c8cf206a866b,Cyber Park,POINT(76.2673 9.9312),ACTIVE,buildingdemo,support@buildingdemo,1657007363377,SubCommunity,FanCoilUnit,4823ce41-4c79-45d6-bd88-0303aa583a7e,Nectar Front Office,ACTIVE,POINT(76.2673 9.9312),null,null,null,buildingdemo,support@buildingdemo,1702373188364,ResidentialTower,30a21304-03d2-4e11-a3d9-7978cc1bf16d,Spacename 1,null,ACTIVE,buildingdemo,Floor,164bd8d6-287a-4d81-95a4-b553bd68a787,Operating Mode,99985978-3b08-4320-8e04-0996ae7e4e83-Operating Mode,String,"",WRITABLE,ACTIVE,-,unitless,"","",""
,99985978-3b08-4320-8e04-0996ae7e4e83,B1 P1 MQ TT EQP 01,"",POINT(76.2673 9.9312),null,support@buildingdemo,1664088964497,ACTIVE,buildingdemo,"","",b56c1a0a-cb1d-4f53-84a6-c8cf206a866b,Cyber Park,POINT(76.2673 9.9312),ACTIVE,buildingdemo,support@buildingdemo,1657007363377,SubCommunity,FanCoilUnit,4823ce41-4c79-45d6-bd88-0303aa583a7e,Nectar Front Office,ACTIVE,POINT(76.2673 9.9312),null,null,null,buildingdemo,support@buildingdemo,1702373188364,ResidentialTower,a622244b-e90e-4fb0-8680-b135cced590c,Non communicated twice,null,DELETED,nectarit,Performance,2a494bde-b8de-4b5a-b87a-1829d792782d,On Off Command,99985978-3b08-4320-8e04-0996ae7e4e83-On Off Command,String,"",WRITABLE,DELETED,-,unitless,"","",String
,99985978-3b08-4320-8e04-0996ae7e4e83,B1 P1 MQ TT EQP 01,"",POINT(76.2673 9.9312),null,support@buildingdemo,1664088964497,ACTIVE,buildingdemo,"","",b56c1a0a-cb1d-4f53-84a6-c8cf206a866b,Cyber Park,POINT(76.2673 9.9312),ACTIVE,buildingdemo,support@buildingdemo,1657007363377,SubCommunity,FanCoilUnit,4823ce41-4c79-45d6-bd88-0303aa583a7e,Nectar Front Office,ACTIVE,POINT(76.2673 9.9312),null,null,null,buildingdemo,support@buildingdemo,1702373188364,ResidentialTower,30a21304-03d2-4e11-a3d9-7978cc1bf16d,Spacename 1,null,ACTIVE,buildingdemo,Floor,2a494bde-b8de-4b5a-b87a-1829d792782d,On Off Command,99985978-3b08-4320-8e04-0996ae7e4e83-On Off Command,String,"",WRITABLE,DELETED,-,unitless,"","",String
,99985978-3b08-4320-8e04-0996ae7e4e83,B1 P1 MQ TT EQP 01,"",POINT(76.2673 9.9312),null,support@buildingdemo,1664088964497,ACTIVE,buildingdemo,"","",b56c1a0a-cb1d-4f53-84a6-c8cf206a866b,Cyber Park,POINT(76.2673 9.9312),ACTIVE,buildingdemo,support@buildingdemo,1657007363377,SubCommunity,FanCoilUnit,4823ce41-4c79-45d6-bd88-0303aa583a7e,Nectar Front Office,ACTIVE,POINT(76.2673 9.9312),null,null,null,buildingdemo,support@buildingdemo,1702373188364,ResidentialTower,a622244b-e90e-4fb0-8680-b135cced590c,Non communicated twice,null,DELETED,nectarit,Performance,8619d23e-f1bc-4e59-aba4-ebd903a6d5f5,On Off Command,99985978-3b08-4320-8e04-0996ae7e4e83-On Off Command,String,"",WRITABLE,ACTIVE,-,unitless,"","",String
,99985978-3b08-4320-8e04-0996ae7e4e83,B1 P1 MQ TT EQP 01,"",POINT(76.2673 9.9312),null,support@buildingdemo,1664088964497,ACTIVE,buildingdemo,"","",b56c1a0a-cb1d-4f53-84a6-c8cf206a866b,Cyber Park,POINT(76.2673 9.9312),ACTIVE,buildingdemo,support@buildingdemo,1657007363377,SubCommunity,FanCoilUnit,4823ce41-4c79-45d6-bd88-0303aa583a7e,Nectar Front Office,ACTIVE,POINT(76.2673 9.9312),null,null,null,buildingdemo,support@buildingdemo,1702373188364,ResidentialTower,30a21304-03d2-4e11-a3d9-7978cc1bf16d,Spacename 1,null,ACTIVE,buildingdemo,Floor,8619d23e-f1bc-4e59-aba4-ebd903a6d5f5,On Off Command,99985978-3b08-4320-8e04-0996ae7e4e83-On Off Command,String,"",WRITABLE,ACTIVE,-,unitless,"","",String
,99985978-3b08-4320-8e04-0996ae7e4e83,B1 P1 MQ TT EQP 01,"",POINT(76.2673 9.9312),null,support@buildingdemo,1664088964497,ACTIVE,buildingdemo,"","",b56c1a0a-cb1d-4f53-84a6-c8cf206a866b,Cyber Park,POINT(76.2673 9.9312),ACTIVE,buildingdemo,support@buildingdemo,1657007363377,SubCommunity,FanCoilUnit,4823ce41-4c79-45d6-bd88-0303aa583a7e,Nectar Front Office,ACTIVE,POINT(76.2673 9.9312),null,null,null,buildingdemo,support@buildingdemo,1702373188364,ResidentialTower,a622244b-e90e-4fb0-8680-b135cced590c,Non communicated twice,null,DELETED,nectarit,Performance,586a6f5e-10b3-44ec-86c3-d9afa3281a82,Occupied Setpoint,99985978-3b08-4320-8e04-0996ae7e4e83-Occupied Setpoint,Double,"",WRITABLE,ACTIVE,degC,celsius,"","",Double
,99985978-3b08-4320-8e04-0996ae7e4e83,B1 P1 MQ TT EQP 01,"",POINT(76.2673 9.9312),null,support@buildingdemo,1664088964497,ACTIVE,buildingdemo,"","",b56c1a0a-cb1d-4f53-84a6-c8cf206a866b,Cyber Park,POINT(76.2673 9.9312),ACTIVE,buildingdemo,support@buildingdemo,1657007363377,SubCommunity,FanCoilUnit,4823ce41-4c79-45d6-bd88-0303aa583a7e,Nectar Front Office,ACTIVE,POINT(76.2673 9.9312),null,null,null,buildingdemo,support@buildingdemo,1702373188364,ResidentialTower,30a21304-03d2-4e11-a3d9-7978cc1bf16d,Spacename 1,null,ACTIVE,buildingdemo,Floor,586a6f5e-10b3-44ec-86c3-d9afa3281a82,Occupied Setpoint,99985978-3b08-4320-8e04-0996ae7e4e83-Occupied Setpoint,Double,"",WRITABLE,ACTIVE,degC,celsius,"","",Double
,99985978-3b08-4320-8e04-0996ae7e4e83,B1 P1 MQ TT EQP 01,"",POINT(76.2673 9.9312),null,support@buildingdemo,1664088964497,ACTIVE,buildingdemo,"","",b56c1a0a-cb1d-4f53-84a6-c8cf206a866b,Cyber Park,POINT(76.2673 9.9312),ACTIVE,buildingdemo,support@buildingdemo,1657007363377,SubCommunity,FanCoilUnit,4823ce41-4c79-45d6-bd88-0303aa583a7e,Nectar Front Office,ACTIVE,POINT(76.2673 9.9312),null,null,null,buildingdemo,support@buildingdemo,1702373188364,ResidentialTower,a622244b-e90e-4fb0-8680-b135cced590c,Non communicated twice,null,DELETED,nectarit,Performance,f38b84c1-a58f-4a35-a3db-a52cb89b6329,Occupancy Status,99985978-3b08-4320-8e04-0996ae7e4e83-Occupancy Status,String,"",READONLY,ACTIVE,-,unitless,"","",String
,99985978-3b08-4320-8e04-0996ae7e4e83,B1 P1 MQ TT EQP 01,"",POINT(76.2673 9.9312),null,support@buildingdemo,1664088964497,ACTIVE,buildingdemo,"","",b56c1a0a-cb1d-4f53-84a6-c8cf206a866b,Cyber Park,POINT(76.2673 9.9312),ACTIVE,buildingdemo,support@buildingdemo,1657007363377,SubCommunity,FanCoilUnit,4823ce41-4c79-45d6-bd88-0303aa583a7e,Nectar Front Office,ACTIVE,POINT(76.2673 9.9312),null,null,null,buildingdemo,support@buildingdemo,1702373188364,ResidentialTower,30a21304-03d2-4e11-a3d9-7978cc1bf16d,Spacename 1,null,ACTIVE,buildingdemo,Floor,f38b84c1-a58f-4a35-a3db-a52cb89b6329,Occupancy Status,99985978-3b08-4320-8e04-0996ae7e4e83-Occupancy Status,String,"",READONLY,ACTIVE,-,unitless,"","",String
,99985978-3b08-4320-8e04-0996ae7e4e83,B1 P1 MQ TT EQP 01,"",POINT(76.2673 9.9312),null,support@buildingdemo,1664088964497,ACTIVE,buildingdemo,"","",b56c1a0a-cb1d-4f53-84a6-c8cf206a866b,Cyber Park,POINT(76.2673 9.9312),ACTIVE,buildingdemo,support@buildingdemo,1657007363377,SubCommunity,FanCoilUnit,4823ce41-4c79-45d6-bd88-0303aa583a7e,Nectar Front Office,ACTIVE,POINT(76.2673 9.9312),null,null,null,buildingdemo,support@buildingdemo,1702373188364,ResidentialTower,a622244b-e90e-4fb0-8680-b135cced590c,Non communicated twice,null,DELETED,nectarit,Performance,605be058-d6a2-4440-a84f-b0012e005e52,Occupancy Schedule,99985978-3b08-4320-8e04-0996ae7e4e83-Occupancy Schedule,String,"",WRITABLE,ACTIVE,-,unitless,"","",""
,99985978-3b08-4320-8e04-0996ae7e4e83,B1 P1 MQ TT EQP 01,"",POINT(76.2673 9.9312),null,support@buildingdemo,1664088964497,ACTIVE,buildingdemo,"","",b56c1a0a-cb1d-4f53-84a6-c8cf206a866b,Cyber Park,POINT(76.2673 9.9312),ACTIVE,buildingdemo,support@buildingdemo,1657007363377,SubCommunity,FanCoilUnit,4823ce41-4c79-45d6-bd88-0303aa583a7e,Nectar Front Office,ACTIVE,POINT(76.2673 9.9312),null,null,null,buildingdemo,support@buildingdemo,1702373188364,ResidentialTower,30a21304-03d2-4e11-a3d9-7978cc1bf16d,Spacename 1,null,ACTIVE,buildingdemo,Floor,605be058-d6a2-4440-a84f-b0012e005e52,Occupancy Schedule,99985978-3b08-4320-8e04-0996ae7e4e83-Occupancy Schedule,String,"",WRITABLE,ACTIVE,-,unitless,"","",""
,99985978-3b08-4320-8e04-0996ae7e4e83,B1 P1 MQ TT EQP 01,"",POINT(76.2673 9.9312),null,support@buildingdemo,1664088964497,ACTIVE,buildingdemo,"","",b56c1a0a-cb1d-4f53-84a6-c8cf206a866b,Cyber Park,POINT(76.2673 9.9312),ACTIVE,buildingdemo,support@buildingdemo,1657007363377,SubCommunity,FanCoilUnit,4823ce41-4c79-45d6-bd88-0303aa583a7e,Nectar Front Office,ACTIVE,POINT(76.2673 9.9312),null,null,null,buildingdemo,support@buildingdemo,1702373188364,ResidentialTower,a622244b-e90e-4fb0-8680-b135cced590c,Non communicated twice,null,DELETED,nectarit,Performance,30e5ccd1-b2b8-44c9-9268-d9db588328ca,Modulating Valve Position,99985978-3b08-4320-8e04-0996ae7e4e83-Modulating Valve Position,Float,"",READONLY,ACTIVE,%,percent,"",1,Float
,99985978-3b08-4320-8e04-0996ae7e4e83,B1 P1 MQ TT EQP 01,"",POINT(76.2673 9.9312),null,support@buildingdemo,1664088964497,ACTIVE,buildingdemo,"","",b56c1a0a-cb1d-4f53-84a6-c8cf206a866b,Cyber Park,POINT(76.2673 9.9312),ACTIVE,buildingdemo,support@buildingdemo,1657007363377,SubCommunity,FanCoilUnit,4823ce41-4c79-45d6-bd88-0303aa583a7e,Nectar Front Office,ACTIVE,POINT(76.2673 9.9312),null,null,null,buildingdemo,support@buildingdemo,1702373188364,ResidentialTower,30a21304-03d2-4e11-a3d9-7978cc1bf16d,Spacename 1,null,ACTIVE,buildingdemo,Floor,30e5ccd1-b2b8-44c9-9268-d9db588328ca,Modulating Valve Position,99985978-3b08-4320-8e04-0996ae7e4e83-Modulating Valve Position,Float,"",READONLY,ACTIVE,%,percent,"",1,Float
,99985978-3b08-4320-8e04-0996ae7e4e83,B1 P1 MQ TT EQP 01,"",POINT(76.2673 9.9312),null,support@buildingdemo,1664088964497,ACTIVE,buildingdemo,"","",b56c1a0a-cb1d-4f53-84a6-c8cf206a866b,Cyber Park,POINT(76.2673 9.9312),ACTIVE,buildingdemo,support@buildingdemo,1657007363377,SubCommunity,FanCoilUnit,4823ce41-4c79-45d6-bd88-0303aa583a7e,Nectar Front Office,ACTIVE,POINT(76.2673 9.9312),null,null,null,buildingdemo,support@buildingdemo,1702373188364,ResidentialTower,a622244b-e90e-4fb0-8680-b135cced590c,Non communicated twice,null,DELETED,nectarit,Performance,c3772dc9-b1fb-4b32-85ae-7ebae533caff,Modulating Valve Command,99985978-3b08-4320-8e04-0996ae7e4e83-Modulating Valve Command,Float,"",WRITABLE,DELETED,%,percent,"","",Float
,99985978-3b08-4320-8e04-0996ae7e4e83,B1 P1 MQ TT EQP 01,"",POINT(76.2673 9.9312),null,support@buildingdemo,1664088964497,ACTIVE,buildingdemo,"","",b56c1a0a-cb1d-4f53-84a6-c8cf206a866b,Cyber Park,POINT(76.2673 9.9312),ACTIVE,buildingdemo,support@buildingdemo,1657007363377,SubCommunity,FanCoilUnit,4823ce41-4c79-45d6-bd88-0303aa583a7e,Nectar Front Office,ACTIVE,POINT(76.2673 9.9312),null,null,null,buildingdemo,support@buildingdemo,1702373188364,ResidentialTower,30a21304-03d2-4e11-a3d9-7978cc1bf16d,Spacename 1,null,ACTIVE,buildingdemo,Floor,c3772dc9-b1fb-4b32-85ae-7ebae533caff,Modulating Valve Command,99985978-3b08-4320-8e04-0996ae7e4e83-Modulating Valve Command,Float,"",WRITABLE,DELETED,%,percent,"","",Float
,99985978-3b08-4320-8e04-0996ae7e4e83,B1 P1 MQ TT EQP 01,"",POINT(76.2673 9.9312),null,support@buildingdemo,1664088964497,ACTIVE,buildingdemo,"","",b56c1a0a-cb1d-4f53-84a6-c8cf206a866b,Cyber Park,POINT(76.2673 9.9312),ACTIVE,buildingdemo,support@buildingdemo,1657007363377,SubCommunity,FanCoilUnit,4823ce41-4c79-45d6-bd88-0303aa583a7e,Nectar Front Office,ACTIVE,POINT(76.2673 9.9312),null,null,null,buildingdemo,support@buildingdemo,1702373188364,ResidentialTower,a622244b-e90e-4fb0-8680-b135cced590c,Non communicated twice,null,DELETED,nectarit,Performance,b098a71d-a290-4428-bc30-8d516cab630e,Modulating Valve Command,99985978-3b08-4320-8e04-0996ae7e4e83-Modulating Valve Command,Float,"",WRITABLE,ACTIVE,%,percent,"","",Float
,99985978-3b08-4320-8e04-0996ae7e4e83,B1 P1 MQ TT EQP 01,"",POINT(76.2673 9.9312),null,support@buildingdemo,1664088964497,ACTIVE,buildingdemo,"","",b56c1a0a-cb1d-4f53-84a6-c8cf206a866b,Cyber Park,POINT(76.2673 9.9312),ACTIVE,buildingdemo,support@buildingdemo,1657007363377,SubCommunity,FanCoilUnit,4823ce41-4c79-45d6-bd88-0303aa583a7e,Nectar Front Office,ACTIVE,POINT(76.2673 9.9312),null,null,null,buildingdemo,support@buildingdemo,1702373188364,ResidentialTower,30a21304-03d2-4e11-a3d9-7978cc1bf16d,Spacename 1,null,ACTIVE,buildingdemo,Floor,b098a71d-a290-4428-bc30-8d516cab630e,Modulating Valve Command,99985978-3b08-4320-8e04-0996ae7e4e83-Modulating Valve Command,Float,"",WRITABLE,ACTIVE,%,percent,"","",Float
,99985978-3b08-4320-8e04-0996ae7e4e83,B1 P1 MQ TT EQP 01,"",POINT(76.2673 9.9312),null,support@buildingdemo,1664088964497,ACTIVE,buildingdemo,"","",b56c1a0a-cb1d-4f53-84a6-c8cf206a866b,Cyber Park,POINT(76.2673 9.9312),ACTIVE,buildingdemo,support@buildingdemo,1657007363377,SubCommunity,FanCoilUnit,4823ce41-4c79-45d6-bd88-0303aa583a7e,Nectar Front Office,ACTIVE,POINT(76.2673 9.9312),null,null,null,buildingdemo,support@buildingdemo,1702373188364,ResidentialTower,a622244b-e90e-4fb0-8680-b135cced590c,Non communicated twice,null,DELETED,nectarit,Performance,89b8f362-350a-4b92-a814-d08a8ffbc463,Modulating Fan Command,99985978-3b08-4320-8e04-0996ae7e4e83-Modulating Fan Command,Float,"",WRITABLE,ACTIVE,%,percent,"","",""
,99985978-3b08-4320-8e04-0996ae7e4e83,B1 P1 MQ TT EQP 01,"",POINT(76.2673 9.9312),null,support@buildingdemo,1664088964497,ACTIVE,buildingdemo,"","",b56c1a0a-cb1d-4f53-84a6-c8cf206a866b,Cyber Park,POINT(76.2673 9.9312),ACTIVE,buildingdemo,support@buildingdemo,1657007363377,SubCommunity,FanCoilUnit,4823ce41-4c79-45d6-bd88-0303aa583a7e,Nectar Front Office,ACTIVE,POINT(76.2673 9.9312),null,null,null,buildingdemo,support@buildingdemo,1702373188364,ResidentialTower,30a21304-03d2-4e11-a3d9-7978cc1bf16d,Spacename 1,null,ACTIVE,buildingdemo,Floor,89b8f362-350a-4b92-a814-d08a8ffbc463,Modulating Fan Command,99985978-3b08-4320-8e04-0996ae7e4e83-Modulating Fan Command,Float,"",WRITABLE,ACTIVE,%,percent,"","",""
,99985978-3b08-4320-8e04-0996ae7e4e83,B1 P1 MQ TT EQP 01,"",POINT(76.2673 9.9312),null,support@buildingdemo,1664088964497,ACTIVE,buildingdemo,"","",b56c1a0a-cb1d-4f53-84a6-c8cf206a866b,Cyber Park,POINT(76.2673 9.9312),ACTIVE,buildingdemo,support@buildingdemo,1657007363377,SubCommunity,FanCoilUnit,4823ce41-4c79-45d6-bd88-0303aa583a7e,Nectar Front Office,ACTIVE,POINT(76.2673 9.9312),null,null,null,buildingdemo,support@buildingdemo,1702373188364,ResidentialTower,a622244b-e90e-4fb0-8680-b135cced590c,Non communicated twice,null,DELETED,nectarit,Performance,3312432c-57b9-4325-a03e-aed9848688b4,Medium Speed Status,99985978-3b08-4320-8e04-0996ae7e4e83-Medium Speed Status,String,"",READONLY,ACTIVE,-,unitless,"","",String