asset_id,asset_name,asset_code,location,cost_of_purchase,created_by,created_on,asset_status,asset_domain,community_id,community_name,sub_community_id,sub_community_name,sub_community_location,sub_community_status,sub_community_domain,sub_community_created_by,sub_community_created_on,sub_community_type,asset_type,building_id,building_name,building_status,building_location,building_site_code,building_open_time,building_close_time,building_domain,building_created_by,building_created_on,building_type,spaces_id,spaces_name,spaces_layout,spaces_status,spaces_domain,spaces_type,data_point_id,point_name,point_display_name,point_data_type,remote_data_type,access_type,point_status,point_symbol,point_unit,point_expression,point_precedence,point_type
28e54c2e-feea-4190-840f-0349e28d3b83,MIRA01 LV Panel Meter 01,,POINT(55.30343 25.004823),,siteadmin@datalkz,1594752740277,ACTIVE,emaar,mira,Mira,e5d48473-03f2-4d11-b973-6b0a010d1a5a,Mira,POINT(55.304919 25.010652),ACTIVE,emaar,siteuser@emaar,1593600495524,SubCommunity,LVPMeter,2a543f20-66f6-4a3d-bfba-9655a5c59028,Mira 1,ACTIVE,POINT(55.30343 25.004823),,,,emaar,siteuser@emaar,1593924327706,ResidentialTower,,,,,,,01c77fc3-1992-4935-8eed-5e2e809af0b6,Energy,28e54c2e-feea-4190-840f-0349e28d3b83-Energy,Double,,READONLY,ACTIVE,kW-hr,kilowatt hour,,,Double
217ac271-b7f0-471d-9c1a-78fcf472b9ba,MIRA01 LV Panel Meter 02,,POINT(55.30343 25.004823),,siteadmin@datalkz,1594750216798,ACTIVE,emaar,mira,Mira,e5d48473-03f2-4d11-b973-6b0a010d1a5a,Mira,POINT(55.304919 25.010652),ACTIVE,emaar,siteuser@emaar,1593600495524,SubCommunity,LVPMeter,2a543f20-66f6-4a3d-bfba-9655a5c59028,Mira 1,ACTIVE,POINT(55.30343 25.004823),,,,emaar,siteuser@emaar,1593924327706,ResidentialTower,,,,,,,65383bd7-9782-425a-b45f-feda17430fe9,Energy,217ac271-b7f0-471d-9c1a-78fcf472b9ba-Energy,Double,,READONLY,ACTIVE,kW-hr,kilowatt hour,,,Double
181c3af8-026e-4a22-9396-bb696a862406,MIRA01 LV Panel Meter 03,,POINT(55.30343 25.004823),,siteadmin@datalkz,1594748813438,ACTIVE,emaar,mira,Mira,e5d48473-03f2-4d11-b973-6b0a010d1a5a,Mira,POINT(55.304919 25.010652),ACTIVE,emaar,siteuser@emaar,1593600495524,SubCommunity,LVPMeter,2a543f20-66f6-4a3d-bfba-9655a5c59028,Mira 1,ACTIVE,POINT(55.30343 25.004823),,,,emaar,siteuser@emaar,1593924327706,ResidentialTower,,,,,,,1a325822-0391-40b6-ab42-5b5087165112,Energy,181c3af8-026e-4a22-9396-bb696a862406-Energy,Double,,READONLY,ACTIVE,kW-hr,kilowatt hour,,,Double
2b12b05c-91f0-486a-ac5f-44cb451dd81b,MIRA01 TSE Meter 01,,POINT(55.30343 25.004823),,siteadmin@datalkz,1597121447615,ACTIVE,emaar,mira,Mira,e5d48473-03f2-4d11-b973-6b0a010d1a5a,Mira,POINT(55.304919 25.010652),ACTIVE,emaar,siteuser@emaar,1593600495524,SubCommunity,TSEMeter,2a543f20-66f6-4a3d-bfba-9655a5c59028,Mira 1,ACTIVE,POINT(55.30343 25.004823),,,,emaar,siteuser@emaar,1593924327706,ResidentialTower,,,,,,,18078da0-84ad-45d7-9129-3a76d0f9a752,Consumption,2b12b05c-91f0-486a-ac5f-44cb451dd81b-Consumption,Double,,READONLY,ACTIVE,cu.m,cubic meter,,,Double
36dec817-5555-4a4d-9b11-a510251b7117,MIRAOS01 LV Panel Meter 01,,POINT(55.30343 25.004823),,system@datalkz,1652236421674,ACTIVE,emaar,mira,Mira,e5d48473-03f2-4d11-b973-6b0a010d1a5a,Mira,POINT(55.304919 25.010652),ACTIVE,emaar,siteuser@emaar,1593600495524,SubCommunity,LVPMeter,2a543f20-66f6-4a3d-bfba-9655a5c59028,Mira 1,ACTIVE,POINT(55.30343 25.004823),,,,emaar,siteuser@emaar,1593924327706,ResidentialTower,,,,,,,50a391c9-3eb6-4b1c-9187-cd4c0a85f67e,Energy,36dec817-5555-4a4d-9b11-a510251b7117-Energy,Double,,READONLY,ACTIVE,kW-hr,kilowatt hour,,,Double
60bf5b41-7ebc-48ae-bcc9-c547dcf3a2ac,MIRAOS01 LV Panel Meter 02,,POINT(55.30343 25.004823),,system@datalkz,1652237072440,ACTIVE,emaar,mira,Mira,e5d48473-03f2-4d11-b973-6b0a010d1a5a,Mira,POINT(55.304919 25.010652),ACTIVE,emaar,siteuser@emaar,1593600495524,SubCommunity,LVPMeter,2a543f20-66f6-4a3d-bfba-9655a5c59028,Mira 1,ACTIVE,POINT(55.30343 25.004823),,,,emaar,siteuser@emaar,1593924327706,ResidentialTower,,,,,,,2d543b85-5317-4df8-83c3-7a3b7124f274,Energy,60bf5b41-7ebc-48ae-bcc9-c547dcf3a2ac-Energy,Double,,READONLY,ACTIVE,kW-hr,kilowatt hour,,,Double
187360d6-e26b-4991-8612-2420b8b13ea3,MIRAOS01 LV Panel Meter 03,,POINT(55.30343 25.004823),,system@datalkz,1652236669068,ACTIVE,emaar,mira,Mira,e5d48473-03f2-4d11-b973-6b0a010d1a5a,Mira,POINT(55.304919 25.010652),ACTIVE,emaar,siteuser@emaar,1593600495524,SubCommunity,LVPMeter,2a543f20-66f6-4a3d-bfba-9655a5c59028,Mira 1,ACTIVE,POINT(55.30343 25.004823),,,,emaar,siteuser@emaar,1593924327706,ResidentialTower,,,,,,,bb562d9c-1591-4e36-b106-b16d40ec6aa6,Energy,187360d6-e26b-4991-8612-2420b8b13ea3-Energy,Double,,READONLY,ACTIVE,kW-hr,kilowatt hour,,,Double
904215d2-0ccc-474b-bf3a-12f35da8e63b,MIRAOS01 Water Meter 01,,POINT(55.30343 25.004823),,system@datalkz,1652236643201,ACTIVE,emaar,mira,Mira,e5d48473-03f2-4d11-b973-6b0a010d1a5a,Mira,POINT(55.304919 25.010652),ACTIVE,emaar,siteuser@emaar,1593600495524,SubCommunity,WaterMeter,2a543f20-66f6-4a3d-bfba-9655a5c59028,Mira 1,ACTIVE,POINT(55.30343 25.004823),,,,emaar,siteuser@emaar,1593924327706,ResidentialTower,,,,,,,0684cb71-16f8-46ae-b2b8-14a749d28965,Consumption,904215d2-0ccc-474b-bf3a-12f35da8e63b-Consumption,Double,,READONLY,ACTIVE,galUK,imperial gallon,,,Double
2db69d9d-af67-4b97-9b9c-a7d5bc063f4b,Mira 1 Kids Pool,,POINT(55.30343 25.004823),,techsupport@emaar,1631881105263,ACTIVE,emaar,mira,Mira,e5d48473-03f2-4d11-b973-6b0a010d1a5a,Mira,POINT(55.304919 25.010652),ACTIVE,emaar,siteuser@emaar,1593600495524,SubCommunity,RMSPool,2a543f20-66f6-4a3d-bfba-9655a5c59028,Mira 1,ACTIVE,POINT(55.30343 25.004823),,,,emaar,siteuser@emaar,1593924327706,ResidentialTower,,,,,,,d6157be3-0040-4e35-89d1-47bc50f8103d,Water Temperature,2db69d9d-af67-4b97-9b9c-a7d5bc063f4b-Water Temperature,Double,,READONLY,ACTIVE,degC,celsius,,,Double
2db69d9d-af67-4b97-9b9c-a7d5bc063f4b,Mira 1 Kids Pool,,POINT(55.30343 25.004823),,techsupport@emaar,1631881105263,ACTIVE,emaar,mira,Mira,e5d48473-03f2-4d11-b973-6b0a010d1a5a,Mira,POINT(55.304919 25.010652),ACTIVE,emaar,siteuser@emaar,1593600495524,SubCommunity,RMSPool,2a543f20-66f6-4a3d-bfba-9655a5c59028,Mira 1,ACTIVE,POINT(55.30343 25.004823),,,,emaar,siteuser@emaar,1593924327706,ResidentialTower,,,,,,,04178dfd-9af8-4d97-bcdd-0c671f9fbab8,PH Level,2db69d9d-af67-4b97-9b9c-a7d5bc063f4b-PH Level,Double,,READONLY,ACTIVE,-,unitless,,,Double
2db69d9d-af67-4b97-9b9c-a7d5bc063f4b,Mira 1 Kids Pool,,POINT(55.30343 25.004823),,techsupport@emaar,1631881105263,ACTIVE,emaar,mira,Mira,e5d48473-03f2-4d11-b973-6b0a010d1a5a,Mira,POINT(55.304919 25.010652),ACTIVE,emaar,siteuser@emaar,1593600495524,SubCommunity,RMSPool,2a543f20-66f6-4a3d-bfba-9655a5c59028,Mira 1,ACTIVE,POINT(55.30343 25.004823),,,,emaar,siteuser@emaar,1593924327706,ResidentialTower,,,,,,,957877b4-b685-44a3-9d1e-72ce4cdedf57,Maintenance Mode,2db69d9d-af67-4b97-9b9c-a7d5bc063f4b-Maintenance Mode,String,Boolean,READONLY,ACTIVE,-,unitless,,,String
2db69d9d-af67-4b97-9b9c-a7d5bc063f4b,Mira 1 Kids Pool,,POINT(55.30343 25.004823),,techsupport@emaar,1631881105263,ACTIVE,emaar,mira,Mira,e5d48473-03f2-4d11-b973-6b0a010d1a5a,Mira,POINT(55.304919 25.010652),ACTIVE,emaar,siteuser@emaar,1593600495524,SubCommunity,RMSPool,2a543f20-66f6-4a3d-bfba-9655a5c59028,Mira 1,ACTIVE,POINT(55.30343 25.004823),,,,emaar,siteuser@emaar,1593924327706,ResidentialTower,,,,,,,ea183e17-b7cb-4be4-b6e0-e2510f6717c4,Communication Status,2db69d9d-af67-4b97-9b9c-a7d5bc063f4b-Communication Status,String,Boolean,READONLY,ACTIVE,-,unitless,,,String
2db69d9d-af67-4b97-9b9c-a7d5bc063f4b,Mira 1 Kids Pool,,POINT(55.30343 25.004823),,techsupport@emaar,1631881105263,ACTIVE,emaar,mira,Mira,e5d48473-03f2-4d11-b973-6b0a010d1a5a,Mira,POINT(55.304919 25.010652),ACTIVE,emaar,siteuser@emaar,1593600495524,SubCommunity,RMSPool,2a543f20-66f6-4a3d-bfba-9655a5c59028,Mira 1,ACTIVE,POINT(55.30343 25.004823),,,,emaar,siteuser@emaar,1593924327706,ResidentialTower,,,,,,,16c707b7-a901-45e7-9afc-4b46860cfc47,Chlorine Level,2db69d9d-af67-4b97-9b9c-a7d5bc063f4b-Chlorine Level,Double,,READONLY,ACTIVE,ppm,parts per million,,,Double
7ea1bfa7-a570-4628-a9d7-572df8523da8,Mira 1 Main Pool,,POINT(55.30343 25.004823),,techsupport@emaar,1631881065784,ACTIVE,emaar,mira,Mira,e5d48473-03f2-4d11-b973-6b0a010d1a5a,Mira,POINT(55.304919 25.010652),ACTIVE,emaar,siteuser@emaar,1593600495524,SubCommunity,RMSPool,2a543f20-66f6-4a3d-bfba-9655a5c59028,Mira 1,ACTIVE,POINT(55.30343 25.004823),,,,emaar,siteuser@emaar,1593924327706,ResidentialTower,,,,,,,b6bd6cf4-7357-4065-ab0a-e48e8279b374,Water Temperature,7ea1bfa7-a570-4628-a9d7-572df8523da8-Water Temperature,Double,,READONLY,ACTIVE,degC,celsius,,,Double
7ea1bfa7-a570-4628-a9d7-572df8523da8,Mira 1 Main Pool,,POINT(55.30343 25.004823),,techsupport@emaar,1631881065784,ACTIVE,emaar,mira,Mira,e5d48473-03f2-4d11-b973-6b0a010d1a5a,Mira,POINT(55.304919 25.010652),ACTIVE,emaar,siteuser@emaar,1593600495524,SubCommunity,RMSPool,2a543f20-66f6-4a3d-bfba-9655a5c59028,Mira 1,ACTIVE,POINT(55.30343 25.004823),,,,emaar,siteuser@emaar,1593924327706,ResidentialTower,,,,,,,53dd48b5-4097-462e-9374-4786d7d6c50f,PH Level,7ea1bfa7-a570-4628-a9d7-572df8523da8-PH Level,Double,,READONLY,ACTIVE,-,unitless,,,Double
7ea1bfa7-a570-4628-a9d7-572df8523da8,Mira 1 Main Pool,,POINT(55.30343 25.004823),,techsupport@emaar,1631881065784,ACTIVE,emaar,mira,Mira,e5d48473-03f2-4d11-b973-6b0a010d1a5a,Mira,POINT(55.304919 25.010652),ACTIVE,emaar,siteuser@emaar,1593600495524,SubCommunity,RMSPool,2a543f20-66f6-4a3d-bfba-9655a5c59028,Mira 1,ACTIVE,POINT(55.30343 25.004823),,,,emaar,siteuser@emaar,1593924327706,ResidentialTower,,,,,,,80d78834-ad60-4b67-8aca-58790718da60,Maintenance Mode,7ea1bfa7-a570-4628-a9d7-572df8523da8-Maintenance Mode,String,,READONLY,ACTIVE,-,unitless,,,String
7ea1bfa7-a570-4628-a9d7-572df8523da8,Mira 1 Main Pool,,POINT(55.30343 25.004823),,techsupport@emaar,1631881065784,ACTIVE,emaar,mira,Mira,e5d48473-03f2-4d11-b973-6b0a010d1a5a,Mira,POINT(55.304919 25.010652),ACTIVE,emaar,siteuser@emaar,1593600495524,SubCommunity,RMSPool,2a543f20-66f6-4a3d-bfba-9655a5c59028,Mira 1,ACTIVE,POINT(55.30343 25.004823),,,,emaar,siteuser@emaar,1593924327706,ResidentialTower,,,,,,,591f0ba6-e9ce-4c28-8aec-fcc12a266d09,Communication Status,7ea1bfa7-a570-4628-a9d7-572df8523da8-Communication Status,String,Boolean,READONLY,ACTIVE,-,unitless,,,String
7ea1bfa7-a570-4628-a9d7-572df8523da8,Mira 1 Main Pool,,POINT(55.30343 25.004823),,techsupport@emaar,1631881065784,ACTIVE,emaar,mira,Mira,e5d48473-03f2-4d11-b973-6b0a010d1a5a,Mira,POINT(55.304919 25.010652),ACTIVE,emaar,siteuser@emaar,1593600495524,SubCommunity,RMSPool,2a543f20-66f6-4a3d-bfba-9655a5c59028,Mira 1,ACTIVE,POINT(55.30343 25.004823),,,,emaar,siteuser@emaar,1593924327706,ResidentialTower,,,,,,,0d3e0509-0d6e-4d6f-bb62-96c32a3ab982,Chlorine Level,7ea1bfa7-a570-4628-a9d7-572df8523da8-Chlorine Level,Double,,READONLY,ACTIVE,ppm,parts per million,,,Double
54538afe-b566-4908-bafa-963b452d27c0,Mira 3 Kids Pool,,POINT(55.30343 25.004823),,techsupport@emaar,1631881146516,ACTIVE,emaar,mira,Mira,e5d48473-03f2-4d11-b973-6b0a010d1a5a,Mira,POINT(55.304919 25.010652),ACTIVE,emaar,siteuser@emaar,1593600495524,SubCommunity,RMSPool,2a543f20-66f6-4a3d-bfba-9655a5c59028,Mira 1,ACTIVE,POINT(55.30343 25.004823),,,,emaar,siteuser@emaar,1593924327706,ResidentialTower,,,,,,,9c92a1ca-05cb-45b8-bf36-dd529e0e6e8d,Water Temperature,54538afe-b566-4908-bafa-963b452d27c0-Water Temperature,Double,,READONLY,ACTIVE,degC,celsius,,,Double
54538afe-b566-4908-bafa-963b452d27c0,Mira 3 Kids Pool,,POINT(55.30343 25.004823),,techsupport@emaar,1631881146516,ACTIVE,emaar,mira,Mira,e5d48473-03f2-4d11-b973-6b0a010d1a5a,Mira,POINT(55.304919 25.010652),ACTIVE,emaar,siteuser@emaar,1593600495524,SubCommunity,RMSPool,2a543f20-66f6-4a3d-bfba-9655a5c59028,Mira 1,ACTIVE,POINT(55.30343 25.004823),,,,emaar,siteuser@emaar,1593924327706,ResidentialTower,,,,,,,f7a5356b-8dea-4da3-9165-50d2912e5beb,PH Level,54538afe-b566-4908-bafa-963b452d27c0-PH Level,Double,,READONLY,ACTIVE,-,unitless,,,Double
54538afe-b566-4908-bafa-963b452d27c0,Mira 3 Kids Pool,,POINT(55.30343 25.004823),,techsupport@emaar,1631881146516,ACTIVE,emaar,mira,Mira,e5d48473-03f2-4d11-b973-6b0a010d1a5a,Mira,POINT(55.304919 25.010652),ACTIVE,emaar,siteuser@emaar,1593600495524,SubCommunity,RMSPool,2a543f20-66f6-4a3d-bfba-9655a5c59028,Mira 1,ACTIVE,POINT(55.30343 25.004823),,,,emaar,siteuser@emaar,1593924327706,ResidentialTower,,,,,,,a57f836e-6f81-4482-a9e8-b336adf6be83,Maintenance Mode,54538afe-b566-4908-bafa-963b452d27c0-Maintenance Mode,String,Boolean,READONLY,ACTIVE,-,unitless,,,String
54538afe-b566-4908-bafa-963b452d27c0,Mira 3 Kids Pool,,POINT(55.30343 25.004823),,techsupport@emaar,1631881146516,ACTIVE,emaar,mira,Mira,e5d48473-03f2-4d11-b973-6b0a010d1a5a,Mira,POINT(55.304919 25.010652),ACTIVE,emaar,siteuser@emaar,1593600495524,SubCommunity,RMSPool,2a543f20-66f6-4a3d-bfba-9655a5c59028,Mira 1,ACTIVE,POINT(55.30343 25.004823),,,,emaar,siteuser@emaar,1593924327706,ResidentialTower,,,,,,,345f26b3-52b2-41e5-a199-97f78028279d,Communication Status,54538afe-b566-4908-bafa-963b452d27c0-Communication Status,String,Boolean,READONLY,ACTIVE,-,unitless,,,String
54538afe-b566-4908-bafa-963b452d27c0,Mira 3 Kids Pool,,POINT(55.30343 25.004823),,techsupport@emaar,1631881146516,ACTIVE,emaar,mira,Mira,e5d48473-03f2-4d11-b973-6b0a010d1a5a,Mira,POINT(55.304919 25.010652),ACTIVE,emaar,siteuser@emaar,1593600495524,SubCommunity,RMSPool,2a543f20-66f6-4a3d-bfba-9655a5c59028,Mira 1,ACTIVE,POINT(55.30343 25.004823),,,,emaar,siteuser@emaar,1593924327706,ResidentialTower,,,,,,,a9316e10-82a8-4530-a396-0cc12948f246,Chlorine Level,54538afe-b566-4908-bafa-963b452d27c0-Chlorine Level,Double,,READONLY,ACTIVE,ppm,parts per million,,,Double
6512531e-718e-4323-8058-9829e73d15ff,Mira 3 Main Pool,,POINT(55.30343 25.004823),,techsupport@emaar,1631881244789,ACTIVE,emaar,mira,Mira,e5d48473-03f2-4d11-b973-6b0a010d1a5a,Mira,POINT(55.304919 25.010652),ACTIVE,emaar,siteuser@emaar,1593600495524,SubCommunity,RMSPool,2a543f20-66f6-4a3d-bfba-9655a5c59028,Mira 1,ACTIVE,POINT(55.30343 25.004823),,,,emaar,siteuser@emaar,1593924327706,ResidentialTower,,,,,,,8c9b96e1-00d1-45ba-b7d5-47d4b220722c,Water Temperature,6512531e-718e-4323-8058-9829e73d15ff-Water Temperature,Double,,READONLY,ACTIVE,degC,celsius,,,Double
6512531e-718e-4323-8058-9829e73d15ff,Mira 3 Main Pool,,POINT(55.30343 25.004823),,techsupport@emaar,1631881244789,ACTIVE,emaar,mira,Mira,e5d48473-03f2-4d11-b973-6b0a010d1a5a,Mira,POINT(55.304919 25.010652),ACTIVE,emaar,siteuser@emaar,1593600495524,SubCommunity,RMSPool,2a543f20-66f6-4a3d-bfba-9655a5c59028,Mira 1,ACTIVE,POINT(55.30343 25.004823),,,,emaar,siteuser@emaar,1593924327706,ResidentialTower,,,,,,,03c3885e-6d33-48a3-9562-78dbd7efc0d1,PH Level,6512531e-718e-4323-8058-9829e73d15ff-PH Level,Double,,READONLY,ACTIVE,-,unitless,,,Double
6512531e-718e-4323-8058-9829e73d15ff,Mira 3 Main Pool,,POINT(55.30343 25.004823),,techsupport@emaar,1631881244789,ACTIVE,emaar,mira,Mira,e5d48473-03f2-4d11-b973-6b0a010d1a5a,Mira,POINT(55.304919 25.010652),ACTIVE,emaar,siteuser@emaar,1593600495524,SubCommunity,RMSPool,2a543f20-66f6-4a3d-bfba-9655a5c59028,Mira 1,ACTIVE,POINT(55.30343 25.004823),,,,emaar,siteuser@emaar,1593924327706,ResidentialTower,,,,,,,8b13eb04-e239-4a85-a03a-187733f15871,Maintenance Mode,6512531e-718e-4323-8058-9829e73d15ff-Maintenance Mode,String,Boolean,READONLY,ACTIVE,-,unitless,,,String
6512531e-718e-4323-8058-9829e73d15ff,Mira 3 Main Pool,,POINT(55.30343 25.004823),,techsupport@emaar,1631881244789,ACTIVE,emaar,mira,Mira,e5d48473-03f2-4d11-b973-6b0a010d1a5a,Mira,POINT(55.304919 25.010652),ACTIVE,emaar,siteuser@emaar,1593600495524,SubCommunity,RMSPool,2a543f20-66f6-4a3d-bfba-9655a5c59028,Mira 1,ACTIVE,POINT(55.30343 25.004823),,,,emaar,siteuser@emaar,1593924327706,ResidentialTower,,,,,,,5b971460-da5a-48c1-9b72-e951f0851606,Communication Status,6512531e-718e-4323-8058-9829e73d15ff-Communication Status,String,Boolean,READONLY,ACTIVE,-,unitless,,,String
6512531e-718e-4323-8058-9829e73d15ff,Mira 3 Main Pool,,POINT(55.30343 25.004823),,techsupport@emaar,1631881244789,ACTIVE,emaar,mira,Mira,e5d48473-03f2-4d11-b973-6b0a010d1a5a,Mira,POINT(55.304919 25.010652),ACTIVE,emaar,siteuser@emaar,1593600495524,SubCommunity,RMSPool,2a543f20-66f6-4a3d-bfba-9655a5c59028,Mira 1,ACTIVE,POINT(55.30343 25.004823),,,,emaar,siteuser@emaar,1593924327706,ResidentialTower,,,,,,,14414003-5929-4dfc-a9b0-668c84ee8d3d,Chlorine Level,6512531e-718e-4323-8058-9829e73d15ff-Chlorine Level,Double,,READONLY,ACTIVE,ppm,parts per million,,,Double
93fef1eb-ee67-4a05-bfd6-698b433621d4,MIRA02 LV Panel Meter 01,,POINT(55.3063888888889 25.00375),,siteadmin@datalkz,1594749473295,ACTIVE,emaar,mira,Mira,e5d48473-03f2-4d11-b973-6b0a010d1a5a,Mira,POINT(55.304919 25.010652),ACTIVE,emaar,siteuser@emaar,1593600495524,SubCommunity,LVPMeter,00198a76-2b46-459b-a051-14678ff5a7ec,Mira 2,ACTIVE,POINT(55.3063888888889 25.00375),,,,emaar,siteuser@emaar,1593924352335,ResidentialTower,,,,,,,e8aeb6da-5edc-4436-b672-11164c53df45,Energy,93fef1eb-ee67-4a05-bfd6-698b433621d4-Energy,Double,,READONLY,ACTIVE,kW-hr,kilowatt hour,,,Double
d13477d1-ceb6-450a-83ad-86a908caf8d0,MIRA02 LV Panel Meter 02,,POINT(55.3063888888889 25.00375),,siteadmin@datalkz,1594742892446,ACTIVE,emaar,mira,Mira,e5d48473-03f2-4d11-b973-6b0a010d1a5a,Mira,POINT(55.304919 25.010652),ACTIVE,emaar,siteuser@emaar,1593600495524,SubCommunity,LVPMeter,00198a76-2b46-459b-a051-14678ff5a7ec,Mira 2,ACTIVE,POINT(55.3063888888889 25.00375),,,,emaar,siteuser@emaar,1593924352335,ResidentialTower,,,,,,,3ddc18b9-bdc0-469e-925b-c0df3c963007,Energy,d13477d1-ceb6-450a-83ad-86a908caf8d0-Energy,Double,,READONLY,ACTIVE,kW-hr,kilowatt hour,,,Double
20053da9-9d68-4fbf-beae-353bb4948abe,MIRA02 LV Panel Meter 03,,POINT(55.3063888888889 25.00375),,siteadmin@datalkz,1594748125557,ACTIVE,emaar,mira,Mira,e5d48473-03f2-4d11-b973-6b0a010d1a5a,Mira,POINT(55.304919 25.010652),ACTIVE,emaar,siteuser@emaar,1593600495524,SubCommunity,LVPMeter,00198a76-2b46-459b-a051-14678ff5a7ec,Mira 2,ACTIVE,POINT(55.3063888888889 25.00375),,,,emaar,siteuser@emaar,1593924352335,ResidentialTower,,,,,,,c6d46c84-0464-43fc-9905-9d01b18f2238,Energy,20053da9-9d68-4fbf-beae-353bb4948abe-Energy,Double,,READONLY,ACTIVE,kW-hr,kilowatt hour,,,Double
9256155a-5256-4f0c-a385-d7731768ba57,MIRA02 Water Meter 01,,POINT(55.3063888888889 25.00375),,siteadmin@datalkz,1594756765630,ACTIVE,emaar,mira,Mira,e5d48473-03f2-4d11-b973-6b0a010d1a5a,Mira,POINT(55.304919 25.010652),ACTIVE,emaar,siteuser@emaar,1593600495524,SubCommunity,WaterMeter,00198a76-2b46-459b-a051-14678ff5a7ec,Mira 2,ACTIVE,POINT(55.3063888888889 25.00375),,,,emaar,siteuser@emaar,1593924352335,ResidentialTower,,,,,,,1ef1d1a9-184b-46f1-9d82-73a6d28b749d,Consumption,9256155a-5256-4f0c-a385-d7731768ba57-Consumption,Double,,READONLY,ACTIVE,galUK,imperial gallon,%24%7BIG%7D,,Double
9a736d18-0902-4f2b-b25f-56d2a8777b81,MIRAOS02 LV Panel Meter 01,,POINT(55.3063888888889 25.00375),,system@datalkz,1652237276987,ACTIVE,emaar,mira,Mira,e5d48473-03f2-4d11-b973-6b0a010d1a5a,Mira,POINT(55.304919 25.010652),ACTIVE,emaar,siteuser@emaar,1593600495524,SubCommunity,LVPMeter,00198a76-2b46-459b-a051-14678ff5a7ec,Mira 2,ACTIVE,POINT(55.3063888888889 25.00375),,,,emaar,siteuser@emaar,1593924352335,ResidentialTower,,,,,,,ba66bef4-db57-4067-b9b3-3ae743ebba5f,Energy,9a736d18-0902-4f2b-b25f-56d2a8777b81-Energy,Double,,READONLY,ACTIVE,kW-hr,kilowatt hour,,,Double
1476931c-1e18-4816-96aa-856e1e07b2f2,MIRAOS02 LV Panel Meter 02,,POINT(55.3063888888889 25.00375),,system@datalkz,1652236769387,ACTIVE,emaar,mira,Mira,e5d48473-03f2-4d11-b973-6b0a010d1a5a,Mira,POINT(55.304919 25.010652),ACTIVE,emaar,siteuser@emaar,1593600495524,SubCommunity,LVPMeter,00198a76-2b46-459b-a051-14678ff5a7ec,Mira 2,ACTIVE,POINT(55.3063888888889 25.00375),,,,emaar,siteuser@emaar,1593924352335,ResidentialTower,,,,,,,ce2070cb-3ca0-49fd-b2fe-c98db9c42223,Energy,1476931c-1e18-4816-96aa-856e1e07b2f2-Energy,Double,,READONLY,ACTIVE,kW-hr,kilowatt hour,,,Double
4f389966-4c51-455e-bc00-e30949eaff8d,MIRAOS02 LV Panel Meter 03,,POINT(55.3063888888889 25.00375),,system@datalkz,1652237169167,ACTIVE,emaar,mira,Mira,e5d48473-03f2-4d11-b973-6b0a010d1a5a,Mira,POINT(55.304919 25.010652),ACTIVE,emaar,siteuser@emaar,1593600495524,SubCommunity,LVPMeter,00198a76-2b46-459b-a051-14678ff5a7ec,Mira 2,ACTIVE,POINT(55.3063888888889 25.00375),,,,emaar,siteuser@emaar,1593924352335,ResidentialTower,,,,,,,703c028a-1a58-48f1-b900-5c8f60bcb14c,Energy,4f389966-4c51-455e-bc00-e30949eaff8d-Energy,Double,,READONLY,ACTIVE,kW-hr,kilowatt hour,,,Double
ad2059c2-429e-4843-b18d-5df2b0d79670,MIRAOS02 LV Panel Meter 04,,POINT(55.3063888888889 25.00375),,system@datalkz,1652236956503,ACTIVE,emaar,mira,Mira,e5d48473-03f2-4d11-b973-6b0a010d1a5a,Mira,POINT(55.304919 25.010652),ACTIVE,emaar,siteuser@emaar,1593600495524,SubCommunity,LVPMeter,00198a76-2b46-459b-a051-14678ff5a7ec,Mira 2,ACTIVE,POINT(55.3063888888889 25.00375),,,,emaar,siteuser@emaar,1593924352335,ResidentialTower,,,,,,,926a42d0-d2c2-4991-b114-4f0c50be995d,Energy,ad2059c2-429e-4843-b18d-5df2b0d79670-Energy,Double,,READONLY,ACTIVE,kW-hr,kilowatt hour,,,Double
197b454e-d702-4253-8d02-916cd0010e2c,MIRAOS02 LV Panel Meter 05,,POINT(55.3063888888889 25.00375),,system@datalkz,1652237267531,ACTIVE,emaar,mira,Mira,e5d48473-03f2-4d11-b973-6b0a010d1a5a,Mira,POINT(55.304919 25.010652),ACTIVE,emaar,siteuser@emaar,1593600495524,SubCommunity,LVPMeter,00198a76-2b46-459b-a051-14678ff5a7ec,Mira 2,ACTIVE,POINT(55.3063888888889 25.00375),,,,emaar,siteuser@emaar,1593924352335,ResidentialTower,,,,,,,2f0e2b81-ad5e-48f6-9d7a-226983ed9a22,Energy,197b454e-d702-4253-8d02-916cd0010e2c-Energy,Double,,READONLY,ACTIVE,kW-hr,kilowatt hour,,,Double
cb6b102f-6997-4a4a-b3c9-33633df19b90,MIRAOS02 LV Panel Meter 06,,POINT(55.3063888888889 25.00375),,system@datalkz,1652237159738,ACTIVE,emaar,mira,Mira,e5d48473-03f2-4d11-b973-6b0a010d1a5a,Mira,POINT(55.304919 25.010652),ACTIVE,emaar,siteuser@emaar,1593600495524,SubCommunity,LVPMeter,00198a76-2b46-459b-a051-14678ff5a7ec,Mira 2,ACTIVE,POINT(55.3063888888889 25.00375),,,,emaar,siteuser@emaar,1593924352335,ResidentialTower,,,,,,,b8c8a411-8675-432a-b922-af0bf2bea794,Energy,cb6b102f-6997-4a4a-b3c9-33633df19b90-Energy,Double,,READONLY,ACTIVE,kW-hr,kilowatt hour,,,Double
ee9dc364-7cbc-44fa-b0eb-fc22f690471c,MIRAOS02 LV Panel Meter 07,,POINT(55.3063888888889 25.00375),,system@datalkz,1652236476531,ACTIVE,emaar,mira,Mira,e5d48473-03f2-4d11-b973-6b0a010d1a5a,Mira,POINT(55.304919 25.010652),ACTIVE,emaar,siteuser@emaar,1593600495524,SubCommunity,LVPMeter,00198a76-2b46-459b-a051-14678ff5a7ec,Mira 2,ACTIVE,POINT(55.3063888888889 25.00375),,,,emaar,siteuser@emaar,1593924352335,ResidentialTower,,,,,,,10cd9667-587c-44b4-b2d6-a2b9098e2772,Energy,ee9dc364-7cbc-44fa-b0eb-fc22f690471c-Energy,Double,,READONLY,ACTIVE,kW-hr,kilowatt hour,,,Double
2a3c631e-c979-4acc-b2e5-9e38a3872218,MIRAOS02 Water Meter 01,,POINT(55.3063888888889 25.00375),,system@datalkz,1652236502163,ACTIVE,emaar,mira,Mira,e5d48473-03f2-4d11-b973-6b0a010d1a5a,Mira,POINT(55.304919 25.010652),ACTIVE,emaar,siteuser@emaar,1593600495524,SubCommunity,WaterMeter,00198a76-2b46-459b-a051-14678ff5a7ec,Mira 2,ACTIVE,POINT(55.3063888888889 25.00375),,,,emaar,siteuser@emaar,1593924352335,ResidentialTower,,,,,,,59463718-3ddb-414a-84bf-4c7ce39c9d25,Consumption,2a3c631e-c979-4acc-b2e5-9e38a3872218-Consumption,Double,,READONLY,ACTIVE,galUK,imperial gallon,,,Double
44bb6352-b52f-4715-8ca9-a605645ba42a,MIRA03 LV Panel Meter 01,,POINT(55.309216 25.007019),,siteadmin@datalkz,1594747766520,ACTIVE,emaar,mira,Mira,e5d48473-03f2-4d11-b973-6b0a010d1a5a,Mira,POINT(55.304919 25.010652),ACTIVE,emaar,siteuser@emaar,1593600495524,SubCommunity,LVPMeter,099dbe76-f051-4ef2-bbea-12485b7153ab,Mira 3,ACTIVE,POINT(55.309216 25.007019),,,,emaar,siteuser@emaar,1593924372760,ResidentialTower,,,,,,,44863123-43d0-4545-8ab6-b1034ec936a7,Energy,44bb6352-b52f-4715-8ca9-a605645ba42a-Energy,Double,,READONLY,ACTIVE,kW-hr,kilowatt hour,,,Double
2d006524-fa01-4aec-a19e-4c7d5d79e089,MIRA03 LV Panel Meter 02,,POINT(55.309216 25.007019),,siteadmin@datalkz,1594741544512,ACTIVE,emaar,mira,Mira,e5d48473-03f2-4d11-b973-6b0a010d1a5a,Mira,POINT(55.304919 25.010652),ACTIVE,emaar,siteuser@emaar,1593600495524,SubCommunity,LVPMeter,099dbe76-f051-4ef2-bbea-12485b7153ab,Mira 3,ACTIVE,POINT(55.309216 25.007019),,,,emaar,siteuser@emaar,1593924372760,ResidentialTower,,,,,,,3be9fd12-4f0e-4b4d-b147-3b98cb68e7bd,Energy,2d006524-fa01-4aec-a19e-4c7d5d79e089-Energy,Double,,READONLY,ACTIVE,kW-hr,kilowatt hour,,,Double
2245bcf7-8fca-4089-a345-2408ed9fb910,MIRA03 Water Meter 01,,POINT(55.309216 25.007019),,siteadmin@datalkz,1594753974431,ACTIVE,emaar,mira,Mira,e5d48473-03f2-4d11-b973-6b0a010d1a5a,Mira,POINT(55.304919 25.010652),ACTIVE,emaar,siteuser@emaar,1593600495524,SubCommunity,WaterMeter,099dbe76-f051-4ef2-bbea-12485b7153ab,Mira 3,ACTIVE,POINT(55.309216 25.007019),,,,emaar,siteuser@emaar,1593924372760,ResidentialTower,,,,,,,e9466451-d9a3-4831-abbf-b36efb77216f,Consumption,2245bcf7-8fca-4089-a345-2408ed9fb910-Consumption,Double,,READONLY,ACTIVE,galUK,imperial gallon,%24%7BIG%7D,,Double
90862572-d77c-447d-bd46-5afd405320ed,MIRAOS03 LV Panel Meter 01,,POINT(55.309216 25.007019),,system@datalkz,1652236592825,ACTIVE,emaar,mira,Mira,e5d48473-03f2-4d11-b973-6b0a010d1a5a,Mira,POINT(55.304919 25.010652),ACTIVE,emaar,siteuser@emaar,1593600495524,SubCommunity,LVPMeter,099dbe76-f051-4ef2-bbea-12485b7153ab,Mira 3,ACTIVE,POINT(55.309216 25.007019),,,,emaar,siteuser@emaar,1593924372760,ResidentialTower,,,,,,,7b879ad5-fbab-4089-a993-29088277664e,Energy,90862572-d77c-447d-bd46-5afd405320ed-Energy,Double,,READONLY,ACTIVE,kW-hr,kilowatt hour,,,Double
5627116c-3188-4e37-bbc7-517f5cfc2b7d,MIRAOS03 LV Panel Meter 02,,POINT(55.309216 25.007019),,system@datalkz,1652237116446,ACTIVE,emaar,mira,Mira,e5d48473-03f2-4d11-b973-6b0a010d1a5a,Mira,POINT(55.304919 25.010652),ACTIVE,emaar,siteuser@emaar,1593600495524,SubCommunity,LVPMeter,099dbe76-f051-4ef2-bbea-12485b7153ab,Mira 3,ACTIVE,POINT(55.309216 25.007019),,,,emaar,siteuser@emaar,1593924372760,ResidentialTower,,,,,,,4f591f3c-89f1-434f-80ad-3819a63dd6d2,Energy,5627116c-3188-4e37-bbc7-517f5cfc2b7d-Energy,Double,,READONLY,ACTIVE,kW-hr,kilowatt hour,,,Double
c2a873e3-23fa-439d-afb9-c7e6f2fb7650,MIRAOS03 LV Panel Meter 03,,POINT(55.309216 25.007019),,system@datalkz,1652237178646,ACTIVE,emaar,mira,Mira,e5d48473-03f2-4d11-b973-6b0a010d1a5a,Mira,POINT(55.304919 25.010652),ACTIVE,emaar,siteuser@emaar,1593600495524,SubCommunity,LVPMeter,099dbe76-f051-4ef2-bbea-12485b7153ab,Mira 3,ACTIVE,POINT(55.309216 25.007019),,,,emaar,siteuser@emaar,1593924372760,ResidentialTower,,,,,,,53ceb6e3-93bc-4469-9951-44a7c37c94a0,Energy,c2a873e3-23fa-439d-afb9-c7e6f2fb7650-Energy,Double,,READONLY,ACTIVE,kW-hr,kilowatt hour,,,Double
3e533873-78a7-474e-8811-ea145db21147,MIRAOS03 LV Panel Meter 04,,POINT(55.309216 25.007019),,system@datalkz,1652236602368,ACTIVE,emaar,mira,Mira,e5d48473-03f2-4d11-b973-6b0a010d1a5a,Mira,POINT(55.304919 25.010652),ACTIVE,emaar,siteuser@emaar,1593600495524,SubCommunity,LVPMeter,099dbe76-f051-4ef2-bbea-12485b7153ab,Mira 3,ACTIVE,POINT(55.309216 25.007019),,,,emaar,siteuser@emaar,1593924372760,ResidentialTower,,,,,,,ee6d7816-8958-4bac-a230-92539d944f98,Energy,3e533873-78a7-474e-8811-ea145db21147-Energy,Double,,READONLY,ACTIVE,kW-hr,kilowatt hour,,,Double
d79b942f-350c-4ddd-a3e3-c098e2c0b3ed,MIRAOS03 LV Panel Meter 05,,POINT(55.309216 25.007019),,system@datalkz,1652236212422,ACTIVE,emaar,mira,Mira,e5d48473-03f2-4d11-b973-6b0a010d1a5a,Mira,POINT(55.304919 25.010652),ACTIVE,emaar,siteuser@emaar,1593600495524,SubCommunity,LVPMeter,099dbe76-f051-4ef2-bbea-12485b7153ab,Mira 3,ACTIVE,POINT(55.309216 25.007019),,,,emaar,siteuser@emaar,1593924372760,ResidentialTower,,,,,,,239143ad-557d-4ead-8239-5479be5cb651,Energy,d79b942f-350c-4ddd-a3e3-c098e2c0b3ed-Energy,Double,,READONLY,ACTIVE,kW-hr,kilowatt hour,,,Double
baaefbd2-cf5f-4e70-a154-f85d798d9317,MIRAOS03 LV Panel Meter 06,,POINT(55.309216 25.007019),,system@datalkz,1652236571220,ACTIVE,emaar,mira,Mira,e5d48473-03f2-4d11-b973-6b0a010d1a5a,Mira,POINT(55.304919 25.010652),ACTIVE,emaar,siteuser@emaar,1593600495524,SubCommunity,LVPMeter,099dbe76-f051-4ef2-bbea-12485b7153ab,Mira 3,ACTIVE,POINT(55.309216 25.007019),,,,emaar,siteuser@emaar,1593924372760,ResidentialTower,,,,,,,de26fc46-5e99-4a1e-a3db-10c901ede851,Energy,baaefbd2-cf5f-4e70-a154-f85d798d9317-Energy,Double,,READONLY,ACTIVE,kW-hr,kilowatt hour,,,Double
df73dfc4-a056-4019-87c6-e26869c33852,MIRAOS03 Water Meter 01,,POINT(55.309216 25.007019),,system@datalkz,1652237197389,ACTIVE,emaar,mira,Mira,e5d48473-03f2-4d11-b973-6b0a010d1a5a,Mira,POINT(55.304919 25.010652),ACTIVE,emaar,siteuser@emaar,1593600495524,SubCommunity,WaterMeter,099dbe76-f051-4ef2-bbea-12485b7153ab,Mira 3,ACTIVE,POINT(55.309216 25.007019),,,,emaar,siteuser@emaar,1593924372760,ResidentialTower,,,,,,,93fddf37-99c4-4f9d-9b81-7eb514452af1,Consumption,df73dfc4-a056-4019-87c6-e26869c33852-Consumption,Double,,READONLY,ACTIVE,galUK,imperial gallon,,,Double
ca151e95-5127-4a25-9ae9-36e0813ff4bd,MIRAOS03 Water Meter 02,,POINT(55.309216 25.007019),,system@datalkz,1652237041609,ACTIVE,emaar,mira,Mira,e5d48473-03f2-4d11-b973-6b0a010d1a5a,Mira,POINT(55.304919 25.010652),ACTIVE,emaar,siteuser@emaar,1593600495524,SubCommunity,WaterMeter,099dbe76-f051-4ef2-bbea-12485b7153ab,Mira 3,ACTIVE,POINT(55.309216 25.007019),,,,emaar,siteuser@emaar,1593924372760,ResidentialTower,,,,,,,149c3aaf-f861-47ba-bec3-2f5408ba9ebb,Consumption,ca151e95-5127-4a25-9ae9-36e0813ff4bd-Consumption,Double,,READONLY,ACTIVE,galUK,imperial gallon,,,Double
44374dbe-7167-415e-96d1-e280d6aeed59,MIRA04 LV Panel Meter 01,,POINT(55.3033888888889 25.0084166666667),,siteadmin@datalkz,1594739365461,ACTIVE,emaar,mira,Mira,e5d48473-03f2-4d11-b973-6b0a010d1a5a,Mira,POINT(55.304919 25.010652),ACTIVE,emaar,siteuser@emaar,1593600495524,SubCommunity,LVPMeter,befff232-d0af-45ef-a5d7-18c801929560,Mira 4,ACTIVE,POINT(55.3033888888889 25.0084166666667),,,,emaar,siteuser@emaar,1593924392826,ResidentialTower,,,,,,,2f57726c-0fd7-423b-9441-58f64fabf8c5,Energy,44374dbe-7167-415e-96d1-e280d6aeed59-Energy,Double,,READONLY,ACTIVE,kW-hr,kilowatt hour,,,Double
e4d91e18-2167-4dac-b345-9c284bf41dff,MIRA04 LV Panel Meter 02,,POINT(55.3033888888889 25.0084166666667),,siteadmin@datalkz,1594746721262,ACTIVE,emaar,mira,Mira,e5d48473-03f2-4d11-b973-6b0a010d1a5a,Mira,POINT(55.304919 25.010652),ACTIVE,emaar,siteuser@emaar,1593600495524,SubCommunity,LVPMeter,befff232-d0af-45ef-a5d7-18c801929560,Mira 4,ACTIVE,POINT(55.3033888888889 25.0084166666667),,,,emaar,siteuser@emaar,1593924392826,ResidentialTower,,,,,,,c3fd6110-e528-4818-bc1a-27b8b28dd5f1,Energy,e4d91e18-2167-4dac-b345-9c284bf41dff-Energy,Double,,READONLY,ACTIVE,kW-hr,kilowatt hour,,,Double
7f001835-9304-4be2-86de-abd89ed7979b,MIRA04 LV Panel Meter 03,,POINT(55.3033888888889 25.0084166666667),,siteadmin@datalkz,1594752267305,ACTIVE,emaar,mira,Mira,e5d48473-03f2-4d11-b973-6b0a010d1a5a,Mira,POINT(55.304919 25.010652),ACTIVE,emaar,siteuser@emaar,1593600495524,SubCommunity,LVPMeter,befff232-d0af-45ef-a5d7-18c801929560,Mira 4,ACTIVE,POINT(55.3033888888889 25.0084166666667),,,,emaar,siteuser@emaar,1593924392826,ResidentialTower,,,,,,,1ad30cb1-7003-4bc7-a51e-da15ee69523b,Energy,7f001835-9304-4be2-86de-abd89ed7979b-Energy,Double,,READONLY,ACTIVE,kW-hr,kilowatt hour,,,Double
b8b1701b-41a2-47ed-83ab-94d226cee86d,MIRA04 Water Meter 01,,POINT(55.3033888888889 25.0084166666667),,siteadmin@datalkz,1594755369253,ACTIVE,emaar,mira,Mira,e5d48473-03f2-4d11-b973-6b0a010d1a5a,Mira,POINT(55.304919 25.010652),ACTIVE,emaar,siteuser@emaar,1593600495524,SubCommunity,WaterMeter,befff232-d0af-45ef-a5d7-18c801929560,Mira 4,ACTIVE,POINT(55.3033888888889 25.0084166666667),,,,emaar,siteuser@emaar,1593924392826,ResidentialTower,,,,,,,230ea4f4-4fbb-4e15-8075-89e7d8c2ef33,Consumption,b8b1701b-41a2-47ed-83ab-94d226cee86d-Consumption,Double,,READONLY,ACTIVE,galUK,imperial gallon,%24%7BIG%7D,,Double
a0778055-7bea-4bb6-99eb-eab5d9ac8531,MIRA05 LV Panel Meter 01,,POINT(55.3058333333333 25.0095277777778),,siteadmin@datalkz,1594735457129,ACTIVE,emaar,mira,Mira,e5d48473-03f2-4d11-b973-6b0a010d1a5a,Mira,POINT(55.304919 25.010652),ACTIVE,emaar,siteuser@emaar,1593600495524,SubCommunity,LVPMeter,990da110-cfbe-4370-b2a2-dcd32d35f03c,Mira 5,ACTIVE,POINT(55.3058333333333 25.0095277777778),,,,emaar,siteuser@emaar,1593924412841,ResidentialTower,,,,,,,61ec56ab-5355-4455-9f23-65b5aa00e75e,Energy,a0778055-7bea-4bb6-99eb-eab5d9ac8531-Energy,Double,,READONLY,ACTIVE,kW-hr,kilowatt hour,,,Double
94c22747-437d-4755-a626-38034b5d7afc,MIRA05 LV Panel Meter 02,,POINT(55.3058333333333 25.0095277777778),,siteadmin@datalkz,1594731681823,ACTIVE,emaar,mira,Mira,e5d48473-03f2-4d11-b973-6b0a010d1a5a,Mira,POINT(55.304919 25.010652),ACTIVE,emaar,siteuser@emaar,1593600495524,SubCommunity,LVPMeter,990da110-cfbe-4370-b2a2-dcd32d35f03c,Mira 5,ACTIVE,POINT(55.3058333333333 25.0095277777778),,,,emaar,siteuser@emaar,1593924412841,ResidentialTower,,,,,,,5558da03-f0b1-4337-9f7f-a457a57a73c3,Energy,94c22747-437d-4755-a626-38034b5d7afc-Energy,Double,,READONLY,ACTIVE,kW-hr,kilowatt hour,,,Double
2753d329-7b4b-4945-b461-26b727758fff,MIRA05 Water Meter 01,,POINT(55.3058333333333 25.0095277777778),,siteadmin@datalkz,1594754424961,ACTIVE,emaar,mira,Mira,e5d48473-03f2-4d11-b973-6b0a010d1a5a,Mira,POINT(55.304919 25.010652),ACTIVE,emaar,siteuser@emaar,1593600495524,SubCommunity,WaterMeter,990da110-cfbe-4370-b2a2-dcd32d35f03c,Mira 5,ACTIVE,POINT(55.3058333333333 25.0095277777778),,,,emaar,siteuser@emaar,1593924412841,ResidentialTower,,,,,,,c369fc88-f827-4af0-93a8-4f4881f5dff3,Consumption,2753d329-7b4b-4945-b461-26b727758fff-Consumption,Double,,READONLY,ACTIVE,galUK,imperial gallon,%24%7BIG%7D,,Double
